{
    "DBSnapshots": [
        {
            "DBSnapshotIdentifier": "awseb-e-q3bypgxfss-stack-snapshot-awsebrdsdatabase-12xcvahe5mhgs",
            "DBInstanceIdentifier": "aawrfteq3808gd",
            "SnapshotCreateTime": "2017-10-11T10:42:46.579Z",
            "Engine": "mysql",
            "AllocatedStorage": 5,
            "Status": "available",
            "Port": 3306,
            "AvailabilityZone": "ap-southeast-1b",
            "VpcId": "vpc-7c91d218",
            "InstanceCreateTime": "2017-10-06T09:33:13.279Z",
            "MasterUsername": "b2s",
            "EngineVersion": "5.6.35",
            "LicenseModel": "general-public-license",
            "SnapshotType": "manual",
            "OptionGroupName": "default:mysql-5-6",
            "PercentProgress": 100,
            "StorageType": "standard",
            "Encrypted": false,
            "DBSnapshotArn": "arn:aws:rds:ap-southeast-1:841787149052:snapshot:awseb-e-q3bypgxfss-stack-snapshot-awsebrdsdatabase-12xcvahe5mhgs",
            "IAMDatabaseAuthenticationEnabled": false,
            "ProcessorFeatures": []
        },
        {
            "DBSnapshotIdentifier": "backup-database-17012018",
            "DBInstanceIdentifier": "t1c",
            "SnapshotCreateTime": "2018-01-17T15:06:11.275Z",
            "Engine": "postgres",
            "AllocatedStorage": 100,
            "Status": "available",
            "Port": 5432,
            "AvailabilityZone": "ap-southeast-1b",
            "VpcId": "vpc-1d05a279",
            "InstanceCreateTime": "2017-07-12T10:48:12.246Z",
            "MasterUsername": "t1c",
            "EngineVersion": "9.6.3",
            "LicenseModel": "postgresql-license",
            "SnapshotType": "manual",
            "OptionGroupName": "default:postgres-9-6",
            "PercentProgress": 100,
            "StorageType": "gp2",
            "Encrypted": false,
            "DBSnapshotArn": "arn:aws:rds:ap-southeast-1:841787149052:snapshot:backup-database-17012018",
            "IAMDatabaseAuthenticationEnabled": false,
            "ProcessorFeatures": []
        },
        {
            "DBSnapshotIdentifier": "cloudera-final-snapshot",
            "DBInstanceIdentifier": "cloudera",
            "SnapshotCreateTime": "2017-06-06T14:04:23.756Z",
            "Engine": "postgres",
            "AllocatedStorage": 10,
            "Status": "available",
            "Port": 5432,
            "AvailabilityZone": "ap-southeast-1b",
            "VpcId": "vpc-1d05a279",
            "InstanceCreateTime": "2017-06-06T06:41:20.897Z",
            "MasterUsername": "cloudera",
            "EngineVersion": "9.6.2",
            "LicenseModel": "postgresql-license",
            "SnapshotType": "manual",
            "OptionGroupName": "default:postgres-9-6",
            "PercentProgress": 100,
            "StorageType": "gp2",
            "Encrypted": false,
            "DBSnapshotArn": "arn:aws:rds:ap-southeast-1:841787149052:snapshot:cloudera-final-snapshot",
            "IAMDatabaseAuthenticationEnabled": false,
            "ProcessorFeatures": []
        },
        {
            "DBSnapshotIdentifier": "pwb-magento-20180807-050500",
            "DBInstanceIdentifier": "pwb-magento",
            "SnapshotCreateTime": "2018-08-07T05:09:42.818Z",
            "Engine": "mariadb",
            "AllocatedStorage": 100,
            "Status": "available",
            "Port": 3306,
            "AvailabilityZone": "ap-southeast-1a",
            "VpcId": "vpc-7c91d218",
            "InstanceCreateTime": "2017-11-16T04:44:28.696Z",
            "MasterUsername": "admin",
            "EngineVersion": "10.1.23",
            "LicenseModel": "general-public-license",
            "SnapshotType": "manual",
            "OptionGroupName": "default:mariadb-10-1",
            "PercentProgress": 100,
            "StorageType": "gp2",
            "Encrypted": true,
            "KmsKeyId": "arn:aws:kms:ap-southeast-1:841787149052:key/e4c7abe1-88bd-42d4-a705-4ff41740fe31",
            "DBSnapshotArn": "arn:aws:rds:ap-southeast-1:841787149052:snapshot:pwb-magento-20180807-050500",
            "IAMDatabaseAuthenticationEnabled": false,
            "ProcessorFeatures": []
        },
        {
            "DBSnapshotIdentifier": "pwb-magento-dev-20180421-hacked-implanted-script",
            "DBInstanceIdentifier": "pwb-magento-dev",
            "SnapshotCreateTime": "2018-04-21T13:39:57.707Z",
            "Engine": "mysql",
            "AllocatedStorage": 100,
            "Status": "available",
            "Port": 3306,
            "AvailabilityZone": "ap-southeast-1b",
            "VpcId": "vpc-95bd1ef2",
            "InstanceCreateTime": "2018-02-02T14:22:16.062Z",
            "MasterUsername": "admin",
            "EngineVersion": "5.7.19",
            "LicenseModel": "general-public-license",
            "SnapshotType": "manual",
            "OptionGroupName": "default:mysql-5-7",
            "PercentProgress": 100,
            "StorageType": "gp2",
            "Encrypted": false,
            "DBSnapshotArn": "arn:aws:rds:ap-southeast-1:841787149052:snapshot:pwb-magento-dev-20180421-hacked-implanted-script",
            "IAMDatabaseAuthenticationEnabled": false,
            "ProcessorFeatures": []
        },
        {
            "DBSnapshotIdentifier": "pwb-magento-prod-2018-04-05-20-16-final-snapshot",
            "DBInstanceIdentifier": "pwb-magento-prod-2018-04-05-20-16",
            "SnapshotCreateTime": "2018-05-23T13:36:08.209Z",
            "Engine": "mysql",
            "AllocatedStorage": 300,
            "Status": "available",
            "Port": 3306,
            "AvailabilityZone": "ap-southeast-1a",
            "VpcId": "vpc-ae64d9c9",
            "InstanceCreateTime": "2018-04-21T10:48:43.515Z",
            "MasterUsername": "admin",
            "EngineVersion": "5.7.19",
            "LicenseModel": "general-public-license",
            "SnapshotType": "manual",
            "OptionGroupName": "default:mysql-5-7",
            "PercentProgress": 100,
            "StorageType": "gp2",
            "Encrypted": false,
            "DBSnapshotArn": "arn:aws:rds:ap-southeast-1:841787149052:snapshot:pwb-magento-prod-2018-04-05-20-16-final-snapshot",
            "IAMDatabaseAuthenticationEnabled": false,
            "ProcessorFeatures": []
        },
        {
            "DBSnapshotIdentifier": "pwb-magento-prod-2018-07-05-manual",
            "DBInstanceIdentifier": "pwb-magento-prod",
            "SnapshotCreateTime": "2018-07-05T09:50:27.304Z",
            "Engine": "mysql",
            "AllocatedStorage": 300,
            "Status": "available",
            "Port": 3306,
            "AvailabilityZone": "ap-southeast-1b",
            "VpcId": "vpc-ae64d9c9",
            "InstanceCreateTime": "2018-02-26T16:47:54.204Z",
            "MasterUsername": "admin",
            "EngineVersion": "5.7.19",
            "LicenseModel": "general-public-license",
            "SnapshotType": "manual",
            "Iops": 3000,
            "OptionGroupName": "default:mysql-5-7",
            "PercentProgress": 100,
            "StorageType": "io1",
            "Encrypted": false,
            "DBSnapshotArn": "arn:aws:rds:ap-southeast-1:841787149052:snapshot:pwb-magento-prod-2018-07-05-manual",
            "IAMDatabaseAuthenticationEnabled": false,
            "ProcessorFeatures": []
        },
        {
            "DBSnapshotIdentifier": "pwb-magento-prod-2018-09-14-15-13-manual",
            "DBInstanceIdentifier": "pwb-magento-prod",
            "SnapshotCreateTime": "2018-09-14T15:14:35.163Z",
            "Engine": "mysql",
            "AllocatedStorage": 300,
            "Status": "available",
            "Port": 3306,
            "AvailabilityZone": "ap-southeast-1b",
            "VpcId": "vpc-ae64d9c9",
            "InstanceCreateTime": "2018-02-26T16:47:54.204Z",
            "MasterUsername": "admin",
            "EngineVersion": "5.7.21",
            "LicenseModel": "general-public-license",
            "SnapshotType": "manual",
            "Iops": 3000,
            "OptionGroupName": "default:mysql-5-7",
            "PercentProgress": 100,
            "StorageType": "io1",
            "Encrypted": false,
            "DBSnapshotArn": "arn:aws:rds:ap-southeast-1:841787149052:snapshot:pwb-magento-prod-2018-09-14-15-13-manual",
            "IAMDatabaseAuthenticationEnabled": false,
            "ProcessorFeatures": []
        },
        {
            "DBSnapshotIdentifier": "pwb-magento-prod-20180321",
            "DBInstanceIdentifier": "pwb-magento-prod",
            "SnapshotCreateTime": "2018-03-21T11:36:21.283Z",
            "Engine": "mysql",
            "AllocatedStorage": 300,
            "Status": "available",
            "Port": 3306,
            "AvailabilityZone": "ap-southeast-1b",
            "VpcId": "vpc-ae64d9c9",
            "InstanceCreateTime": "2018-02-26T16:47:54.204Z",
            "MasterUsername": "admin",
            "EngineVersion": "5.7.19",
            "LicenseModel": "general-public-license",
            "SnapshotType": "manual",
            "Iops": 3000,
            "OptionGroupName": "default:mysql-5-7",
            "PercentProgress": 100,
            "StorageType": "io1",
            "Encrypted": false,
            "DBSnapshotArn": "arn:aws:rds:ap-southeast-1:841787149052:snapshot:pwb-magento-prod-20180321",
            "IAMDatabaseAuthenticationEnabled": false,
            "ProcessorFeatures": []
        },
        {
            "DBSnapshotIdentifier": "pwb-magento-prod-20180321-final-snapshot",
            "DBInstanceIdentifier": "pwb-magento-prod-20180321",
            "SnapshotCreateTime": "2018-05-23T13:36:07.929Z",
            "Engine": "mysql",
            "AllocatedStorage": 300,
            "Status": "available",
            "Port": 3306,
            "AvailabilityZone": "ap-southeast-1a",
            "VpcId": "vpc-ae64d9c9",
            "InstanceCreateTime": "2018-04-21T10:53:06.780Z",
            "MasterUsername": "admin",
            "EngineVersion": "5.7.19",
            "LicenseModel": "general-public-license",
            "SnapshotType": "manual",
            "OptionGroupName": "default:mysql-5-7",
            "PercentProgress": 100,
            "StorageType": "gp2",
            "Encrypted": false,
            "DBSnapshotArn": "arn:aws:rds:ap-southeast-1:841787149052:snapshot:pwb-magento-prod-20180321-final-snapshot",
            "IAMDatabaseAuthenticationEnabled": false,
            "ProcessorFeatures": []
        },
        {
            "DBSnapshotIdentifier": "pwb-magento-prod-20180505-0000",
            "DBInstanceIdentifier": "pwb-magento-prod",
            "SnapshotCreateTime": "2018-05-04T17:00:46.259Z",
            "Engine": "mysql",
            "AllocatedStorage": 300,
            "Status": "available",
            "Port": 3306,
            "AvailabilityZone": "ap-southeast-1b",
            "VpcId": "vpc-ae64d9c9",
            "InstanceCreateTime": "2018-02-26T16:47:54.204Z",
            "MasterUsername": "admin",
            "EngineVersion": "5.7.19",
            "LicenseModel": "general-public-license",
            "SnapshotType": "manual",
            "Iops": 3000,
            "OptionGroupName": "default:mysql-5-7",
            "PercentProgress": 100,
            "StorageType": "io1",
            "Encrypted": false,
            "DBSnapshotArn": "arn:aws:rds:ap-southeast-1:841787149052:snapshot:pwb-magento-prod-20180505-0000",
            "IAMDatabaseAuthenticationEnabled": false,
            "ProcessorFeatures": []
        },
        {
            "DBSnapshotIdentifier": "pwb-magento-prod-20180608-0058",
            "DBInstanceIdentifier": "pwb-magento-prod",
            "SnapshotCreateTime": "2018-06-07T17:59:14.969Z",
            "Engine": "mysql",
            "AllocatedStorage": 300,
            "Status": "available",
            "Port": 3306,
            "AvailabilityZone": "ap-southeast-1b",
            "VpcId": "vpc-ae64d9c9",
            "InstanceCreateTime": "2018-02-26T16:47:54.204Z",
            "MasterUsername": "admin",
            "EngineVersion": "5.7.19",
            "LicenseModel": "general-public-license",
            "SnapshotType": "manual",
            "Iops": 3000,
            "OptionGroupName": "default:mysql-5-7",
            "PercentProgress": 100,
            "StorageType": "io1",
            "Encrypted": false,
            "DBSnapshotArn": "arn:aws:rds:ap-southeast-1:841787149052:snapshot:pwb-magento-prod-20180608-0058",
            "IAMDatabaseAuthenticationEnabled": false,
            "ProcessorFeatures": []
        },
        {
            "DBSnapshotIdentifier": "rds:denes-test-cdc-2018-09-23-20-38",
            "DBInstanceIdentifier": "denes-test-cdc",
            "SnapshotCreateTime": "2018-09-23T20:38:33.569Z",
            "Engine": "mysql",
            "AllocatedStorage": 20,
            "Status": "available",
            "Port": 3306,
            "AvailabilityZone": "ap-southeast-1a",
            "VpcId": "vpc-95bd1ef2",
            "InstanceCreateTime": "2018-05-10T09:06:34.790Z",
            "MasterUsername": "admin",
            "EngineVersion": "5.6.39",
            "LicenseModel": "general-public-license",
            "SnapshotType": "automated",
            "OptionGroupName": "default:mysql-5-6",
            "PercentProgress": 100,
            "StorageType": "gp2",
            "Encrypted": false,
            "DBSnapshotArn": "arn:aws:rds:ap-southeast-1:841787149052:snapshot:rds:denes-test-cdc-2018-09-23-20-38",
            "IAMDatabaseAuthenticationEnabled": false,
            "ProcessorFeatures": []
        },
        {
            "DBSnapshotIdentifier": "rds:denes-test-cdc-2018-09-24-20-38",
            "DBInstanceIdentifier": "denes-test-cdc",
            "SnapshotCreateTime": "2018-09-24T20:38:36.313Z",
            "Engine": "mysql",
            "AllocatedStorage": 20,
            "Status": "available",
            "Port": 3306,
            "AvailabilityZone": "ap-southeast-1a",
            "VpcId": "vpc-95bd1ef2",
            "InstanceCreateTime": "2018-05-10T09:06:34.790Z",
            "MasterUsername": "admin",
            "EngineVersion": "5.6.39",
            "LicenseModel": "general-public-license",
            "SnapshotType": "automated",
            "OptionGroupName": "default:mysql-5-6",
            "PercentProgress": 100,
            "StorageType": "gp2",
            "Encrypted": false,
            "DBSnapshotArn": "arn:aws:rds:ap-southeast-1:841787149052:snapshot:rds:denes-test-cdc-2018-09-24-20-38",
            "IAMDatabaseAuthenticationEnabled": false,
            "ProcessorFeatures": []
        },
        {
            "DBSnapshotIdentifier": "rds:denes-test-cdc-2018-09-25-20-38",
            "DBInstanceIdentifier": "denes-test-cdc",
            "SnapshotCreateTime": "2018-09-25T20:38:37.459Z",
            "Engine": "mysql",
            "AllocatedStorage": 20,
            "Status": "available",
            "Port": 3306,
            "AvailabilityZone": "ap-southeast-1a",
            "VpcId": "vpc-95bd1ef2",
            "InstanceCreateTime": "2018-05-10T09:06:34.790Z",
            "MasterUsername": "admin",
            "EngineVersion": "5.6.39",
            "LicenseModel": "general-public-license",
            "SnapshotType": "automated",
            "OptionGroupName": "default:mysql-5-6",
            "PercentProgress": 100,
            "StorageType": "gp2",
            "Encrypted": false,
            "DBSnapshotArn": "arn:aws:rds:ap-southeast-1:841787149052:snapshot:rds:denes-test-cdc-2018-09-25-20-38",
            "IAMDatabaseAuthenticationEnabled": false,
            "ProcessorFeatures": []
        },
        {
            "DBSnapshotIdentifier": "rds:pwb-magento-2018-09-17-16-47",
            "DBInstanceIdentifier": "pwb-magento",
            "SnapshotCreateTime": "2018-09-17T16:47:40.891Z",
            "Engine": "mariadb",
            "AllocatedStorage": 100,
            "Status": "available",
            "Port": 3306,
            "AvailabilityZone": "ap-southeast-1a",
            "VpcId": "vpc-7c91d218",
            "InstanceCreateTime": "2017-11-16T04:44:28.696Z",
            "MasterUsername": "admin",
            "EngineVersion": "10.1.23",
            "LicenseModel": "general-public-license",
            "SnapshotType": "automated",
            "OptionGroupName": "default:mariadb-10-1",
            "PercentProgress": 100,
            "StorageType": "gp2",
            "Encrypted": true,
            "KmsKeyId": "arn:aws:kms:ap-southeast-1:841787149052:key/e4c7abe1-88bd-42d4-a705-4ff41740fe31",
            "DBSnapshotArn": "arn:aws:rds:ap-southeast-1:841787149052:snapshot:rds:pwb-magento-2018-09-17-16-47",
            "IAMDatabaseAuthenticationEnabled": false,
            "ProcessorFeatures": []
        },
        {
            "DBSnapshotIdentifier": "rds:pwb-magento-2018-09-18-16-47",
            "DBInstanceIdentifier": "pwb-magento",
            "SnapshotCreateTime": "2018-09-18T16:47:38.738Z",
            "Engine": "mariadb",
            "AllocatedStorage": 100,
            "Status": "available",
            "Port": 3306,
            "AvailabilityZone": "ap-southeast-1a",
            "VpcId": "vpc-7c91d218",
            "InstanceCreateTime": "2017-11-16T04:44:28.696Z",
            "MasterUsername": "admin",
            "EngineVersion": "10.1.23",
            "LicenseModel": "general-public-license",
            "SnapshotType": "automated",
            "OptionGroupName": "default:mariadb-10-1",
            "PercentProgress": 100,
            "StorageType": "gp2",
            "Encrypted": true,
            "KmsKeyId": "arn:aws:kms:ap-southeast-1:841787149052:key/e4c7abe1-88bd-42d4-a705-4ff41740fe31",
            "DBSnapshotArn": "arn:aws:rds:ap-southeast-1:841787149052:snapshot:rds:pwb-magento-2018-09-18-16-47",
            "IAMDatabaseAuthenticationEnabled": false,
            "ProcessorFeatures": []
        },
        {
            "DBSnapshotIdentifier": "rds:pwb-magento-2018-09-19-16-47",
            "DBInstanceIdentifier": "pwb-magento",
            "SnapshotCreateTime": "2018-09-19T16:47:26.857Z",
            "Engine": "mariadb",
            "AllocatedStorage": 100,
            "Status": "available",
            "Port": 3306,
            "AvailabilityZone": "ap-southeast-1a",
            "VpcId": "vpc-7c91d218",
            "InstanceCreateTime": "2017-11-16T04:44:28.696Z",
            "MasterUsername": "admin",
            "EngineVersion": "10.1.23",
            "LicenseModel": "general-public-license",
            "SnapshotType": "automated",
            "OptionGroupName": "default:mariadb-10-1",
            "PercentProgress": 100,
            "StorageType": "gp2",
            "Encrypted": true,
            "KmsKeyId": "arn:aws:kms:ap-southeast-1:841787149052:key/e4c7abe1-88bd-42d4-a705-4ff41740fe31",
            "DBSnapshotArn": "arn:aws:rds:ap-southeast-1:841787149052:snapshot:rds:pwb-magento-2018-09-19-16-47",
            "IAMDatabaseAuthenticationEnabled": false,
            "ProcessorFeatures": []
        },
        {
            "DBSnapshotIdentifier": "rds:pwb-magento-2018-09-20-16-47",
            "DBInstanceIdentifier": "pwb-magento",
            "SnapshotCreateTime": "2018-09-20T16:47:53.439Z",
            "Engine": "mariadb",
            "AllocatedStorage": 100,
            "Status": "available",
            "Port": 3306,
            "AvailabilityZone": "ap-southeast-1a",
            "VpcId": "vpc-7c91d218",
            "InstanceCreateTime": "2017-11-16T04:44:28.696Z",
            "MasterUsername": "admin",
            "EngineVersion": "10.1.23",
            "LicenseModel": "general-public-license",
            "SnapshotType": "automated",
            "OptionGroupName": "default:mariadb-10-1",
            "PercentProgress": 100,
            "StorageType": "gp2",
            "Encrypted": true,
            "KmsKeyId": "arn:aws:kms:ap-southeast-1:841787149052:key/e4c7abe1-88bd-42d4-a705-4ff41740fe31",
            "DBSnapshotArn": "arn:aws:rds:ap-southeast-1:841787149052:snapshot:rds:pwb-magento-2018-09-20-16-47",
            "IAMDatabaseAuthenticationEnabled": false,
            "ProcessorFeatures": []
        },
        {
            "DBSnapshotIdentifier": "rds:pwb-magento-2018-09-21-16-47",
            "DBInstanceIdentifier": "pwb-magento",
            "SnapshotCreateTime": "2018-09-21T16:47:28.843Z",
            "Engine": "mariadb",
            "AllocatedStorage": 100,
            "Status": "available",
            "Port": 3306,
            "AvailabilityZone": "ap-southeast-1a",
            "VpcId": "vpc-7c91d218",
            "InstanceCreateTime": "2017-11-16T04:44:28.696Z",
            "MasterUsername": "admin",
            "EngineVersion": "10.1.23",
            "LicenseModel": "general-public-license",
            "SnapshotType": "automated",
            "OptionGroupName": "default:mariadb-10-1",
            "PercentProgress": 100,
            "StorageType": "gp2",
            "Encrypted": true,
            "KmsKeyId": "arn:aws:kms:ap-southeast-1:841787149052:key/e4c7abe1-88bd-42d4-a705-4ff41740fe31",
            "DBSnapshotArn": "arn:aws:rds:ap-southeast-1:841787149052:snapshot:rds:pwb-magento-2018-09-21-16-47",
            "IAMDatabaseAuthenticationEnabled": false,
            "ProcessorFeatures": []
        },
        {
            "DBSnapshotIdentifier": "rds:pwb-magento-2018-09-22-16-47",
            "DBInstanceIdentifier": "pwb-magento",
            "SnapshotCreateTime": "2018-09-22T16:47:41.712Z",
            "Engine": "mariadb",
            "AllocatedStorage": 100,
            "Status": "available",
            "Port": 3306,
            "AvailabilityZone": "ap-southeast-1a",
            "VpcId": "vpc-7c91d218",
            "InstanceCreateTime": "2017-11-16T04:44:28.696Z",
            "MasterUsername": "admin",
            "EngineVersion": "10.1.23",
            "LicenseModel": "general-public-license",
            "SnapshotType": "automated",
            "OptionGroupName": "default:mariadb-10-1",
            "PercentProgress": 100,
            "StorageType": "gp2",
            "Encrypted": true,
            "KmsKeyId": "arn:aws:kms:ap-southeast-1:841787149052:key/e4c7abe1-88bd-42d4-a705-4ff41740fe31",
            "DBSnapshotArn": "arn:aws:rds:ap-southeast-1:841787149052:snapshot:rds:pwb-magento-2018-09-22-16-47",
            "IAMDatabaseAuthenticationEnabled": false,
            "ProcessorFeatures": []
        },
        {
            "DBSnapshotIdentifier": "rds:pwb-magento-2018-09-23-16-47",
            "DBInstanceIdentifier": "pwb-magento",
            "SnapshotCreateTime": "2018-09-23T16:47:45.127Z",
            "Engine": "mariadb",
            "AllocatedStorage": 100,
            "Status": "available",
            "Port": 3306,
            "AvailabilityZone": "ap-southeast-1a",
            "VpcId": "vpc-7c91d218",
            "InstanceCreateTime": "2017-11-16T04:44:28.696Z",
            "MasterUsername": "admin",
            "EngineVersion": "10.1.23",
            "LicenseModel": "general-public-license",
            "SnapshotType": "automated",
            "OptionGroupName": "default:mariadb-10-1",
            "PercentProgress": 100,
            "StorageType": "gp2",
            "Encrypted": true,
            "KmsKeyId": "arn:aws:kms:ap-southeast-1:841787149052:key/e4c7abe1-88bd-42d4-a705-4ff41740fe31",
            "DBSnapshotArn": "arn:aws:rds:ap-southeast-1:841787149052:snapshot:rds:pwb-magento-2018-09-23-16-47",
            "IAMDatabaseAuthenticationEnabled": false,
            "ProcessorFeatures": []
        },
        {
            "DBSnapshotIdentifier": "rds:pwb-magento-2018-09-24-16-47",
            "DBInstanceIdentifier": "pwb-magento",
            "SnapshotCreateTime": "2018-09-24T16:47:54.339Z",
            "Engine": "mariadb",
            "AllocatedStorage": 100,
            "Status": "available",
            "Port": 3306,
            "AvailabilityZone": "ap-southeast-1a",
            "VpcId": "vpc-7c91d218",
            "InstanceCreateTime": "2017-11-16T04:44:28.696Z",
            "MasterUsername": "admin",
            "EngineVersion": "10.1.23",
            "LicenseModel": "general-public-license",
            "SnapshotType": "automated",
            "OptionGroupName": "default:mariadb-10-1",
            "PercentProgress": 100,
            "StorageType": "gp2",
            "Encrypted": true,
            "KmsKeyId": "arn:aws:kms:ap-southeast-1:841787149052:key/e4c7abe1-88bd-42d4-a705-4ff41740fe31",
            "DBSnapshotArn": "arn:aws:rds:ap-southeast-1:841787149052:snapshot:rds:pwb-magento-2018-09-24-16-47",
            "IAMDatabaseAuthenticationEnabled": false,
            "ProcessorFeatures": []
        },
        {
            "DBSnapshotIdentifier": "rds:pwb-magento-2018-09-25-16-47",
            "DBInstanceIdentifier": "pwb-magento",
            "SnapshotCreateTime": "2018-09-25T16:47:33.055Z",
            "Engine": "mariadb",
            "AllocatedStorage": 100,
            "Status": "available",
            "Port": 3306,
            "AvailabilityZone": "ap-southeast-1a",
            "VpcId": "vpc-7c91d218",
            "InstanceCreateTime": "2017-11-16T04:44:28.696Z",
            "MasterUsername": "admin",
            "EngineVersion": "10.1.23",
            "LicenseModel": "general-public-license",
            "SnapshotType": "automated",
            "OptionGroupName": "default:mariadb-10-1",
            "PercentProgress": 100,
            "StorageType": "gp2",
            "Encrypted": true,
            "KmsKeyId": "arn:aws:kms:ap-southeast-1:841787149052:key/e4c7abe1-88bd-42d4-a705-4ff41740fe31",
            "DBSnapshotArn": "arn:aws:rds:ap-southeast-1:841787149052:snapshot:rds:pwb-magento-2018-09-25-16-47",
            "IAMDatabaseAuthenticationEnabled": false,
            "ProcessorFeatures": []
        },
        {
            "DBSnapshotIdentifier": "rds:pwb-magento-dev-2018-09-23-14-28",
            "DBInstanceIdentifier": "pwb-magento-dev",
            "SnapshotCreateTime": "2018-09-23T14:28:40.722Z",
            "Engine": "mysql",
            "AllocatedStorage": 100,
            "Status": "available",
            "Port": 3306,
            "AvailabilityZone": "ap-southeast-1b",
            "VpcId": "vpc-95bd1ef2",
            "InstanceCreateTime": "2018-02-02T14:22:16.062Z",
            "MasterUsername": "admin",
            "EngineVersion": "5.7.21",
            "LicenseModel": "general-public-license",
            "SnapshotType": "automated",
            "OptionGroupName": "default:mysql-5-7",
            "PercentProgress": 100,
            "StorageType": "gp2",
            "Encrypted": false,
            "DBSnapshotArn": "arn:aws:rds:ap-southeast-1:841787149052:snapshot:rds:pwb-magento-dev-2018-09-23-14-28",
            "IAMDatabaseAuthenticationEnabled": false,
            "ProcessorFeatures": []
        },
        {
            "DBSnapshotIdentifier": "rds:pwb-magento-dev-2018-09-24-14-28",
            "DBInstanceIdentifier": "pwb-magento-dev",
            "SnapshotCreateTime": "2018-09-24T14:28:42.393Z",
            "Engine": "mysql",
            "AllocatedStorage": 100,
            "Status": "available",
            "Port": 3306,
            "AvailabilityZone": "ap-southeast-1b",
            "VpcId": "vpc-95bd1ef2",
            "InstanceCreateTime": "2018-02-02T14:22:16.062Z",
            "MasterUsername": "admin",
            "EngineVersion": "5.7.21",
            "LicenseModel": "general-public-license",
            "SnapshotType": "automated",
            "OptionGroupName": "default:mysql-5-7",
            "PercentProgress": 100,
            "StorageType": "gp2",
            "Encrypted": false,
            "DBSnapshotArn": "arn:aws:rds:ap-southeast-1:841787149052:snapshot:rds:pwb-magento-dev-2018-09-24-14-28",
            "IAMDatabaseAuthenticationEnabled": false,
            "ProcessorFeatures": []
        },
        {
            "DBSnapshotIdentifier": "rds:pwb-magento-dev-2018-09-25-14-28",
            "DBInstanceIdentifier": "pwb-magento-dev",
            "SnapshotCreateTime": "2018-09-25T14:28:30.419Z",
            "Engine": "mysql",
            "AllocatedStorage": 100,
            "Status": "available",
            "Port": 3306,
            "AvailabilityZone": "ap-southeast-1b",
            "VpcId": "vpc-95bd1ef2",
            "InstanceCreateTime": "2018-02-02T14:22:16.062Z",
            "MasterUsername": "admin",
            "EngineVersion": "5.7.21",
            "LicenseModel": "general-public-license",
            "SnapshotType": "automated",
            "OptionGroupName": "default:mysql-5-7",
            "PercentProgress": 100,
            "StorageType": "gp2",
            "Encrypted": false,
            "DBSnapshotArn": "arn:aws:rds:ap-southeast-1:841787149052:snapshot:rds:pwb-magento-dev-2018-09-25-14-28",
            "IAMDatabaseAuthenticationEnabled": false,
            "ProcessorFeatures": []
        },
        {
            "DBSnapshotIdentifier": "rds:pwb-magento-prod-2018-09-11-20-04",
            "DBInstanceIdentifier": "pwb-magento-prod",
            "SnapshotCreateTime": "2018-09-11T20:04:45.739Z",
            "Engine": "mysql",
            "AllocatedStorage": 300,
            "Status": "available",
            "Port": 3306,
            "AvailabilityZone": "ap-southeast-1b",
            "VpcId": "vpc-ae64d9c9",
            "InstanceCreateTime": "2018-02-26T16:47:54.204Z",
            "MasterUsername": "admin",
            "EngineVersion": "5.7.21",
            "LicenseModel": "general-public-license",
            "SnapshotType": "automated",
            "Iops": 3000,
            "OptionGroupName": "default:mysql-5-7",
            "PercentProgress": 100,
            "StorageType": "io1",
            "Encrypted": false,
            "DBSnapshotArn": "arn:aws:rds:ap-southeast-1:841787149052:snapshot:rds:pwb-magento-prod-2018-09-11-20-04",
            "IAMDatabaseAuthenticationEnabled": false,
            "ProcessorFeatures": []
        },
        {
            "DBSnapshotIdentifier": "rds:pwb-magento-prod-2018-09-12-20-04",
            "DBInstanceIdentifier": "pwb-magento-prod",
            "SnapshotCreateTime": "2018-09-12T20:04:35.234Z",
            "Engine": "mysql",
            "AllocatedStorage": 300,
            "Status": "available",
            "Port": 3306,
            "AvailabilityZone": "ap-southeast-1b",
            "VpcId": "vpc-ae64d9c9",
            "InstanceCreateTime": "2018-02-26T16:47:54.204Z",
            "MasterUsername": "admin",
            "EngineVersion": "5.7.21",
            "LicenseModel": "general-public-license",
            "SnapshotType": "automated",
            "Iops": 3000,
            "OptionGroupName": "default:mysql-5-7",
            "PercentProgress": 100,
            "StorageType": "io1",
            "Encrypted": false,
            "DBSnapshotArn": "arn:aws:rds:ap-southeast-1:841787149052:snapshot:rds:pwb-magento-prod-2018-09-12-20-04",
            "IAMDatabaseAuthenticationEnabled": false,
            "ProcessorFeatures": []
        },
        {
            "DBSnapshotIdentifier": "rds:pwb-magento-prod-2018-09-13-20-04",
            "DBInstanceIdentifier": "pwb-magento-prod",
            "SnapshotCreateTime": "2018-09-13T20:04:39.567Z",
            "Engine": "mysql",
            "AllocatedStorage": 300,
            "Status": "available",
            "Port": 3306,
            "AvailabilityZone": "ap-southeast-1b",
            "VpcId": "vpc-ae64d9c9",
            "InstanceCreateTime": "2018-02-26T16:47:54.204Z",
            "MasterUsername": "admin",
            "EngineVersion": "5.7.21",
            "LicenseModel": "general-public-license",
            "SnapshotType": "automated",
            "Iops": 3000,
            "OptionGroupName": "default:mysql-5-7",
            "PercentProgress": 100,
            "StorageType": "io1",
            "Encrypted": false,
            "DBSnapshotArn": "arn:aws:rds:ap-southeast-1:841787149052:snapshot:rds:pwb-magento-prod-2018-09-13-20-04",
            "IAMDatabaseAuthenticationEnabled": false,
            "ProcessorFeatures": []
        },
        {
            "DBSnapshotIdentifier": "rds:pwb-magento-prod-2018-09-14-20-04",
            "DBInstanceIdentifier": "pwb-magento-prod",
            "SnapshotCreateTime": "2018-09-14T20:04:35.983Z",
            "Engine": "mysql",
            "AllocatedStorage": 300,
            "Status": "available",
            "Port": 3306,
            "AvailabilityZone": "ap-southeast-1b",
            "VpcId": "vpc-ae64d9c9",
            "InstanceCreateTime": "2018-02-26T16:47:54.204Z",
            "MasterUsername": "admin",
            "EngineVersion": "5.7.21",
            "LicenseModel": "general-public-license",
            "SnapshotType": "automated",
            "Iops": 3000,
            "OptionGroupName": "default:mysql-5-7",
            "PercentProgress": 100,
            "StorageType": "io1",
            "Encrypted": false,
            "DBSnapshotArn": "arn:aws:rds:ap-southeast-1:841787149052:snapshot:rds:pwb-magento-prod-2018-09-14-20-04",
            "IAMDatabaseAuthenticationEnabled": false,
            "ProcessorFeatures": []
        },
        {
            "DBSnapshotIdentifier": "rds:pwb-magento-prod-2018-09-15-20-04",
            "DBInstanceIdentifier": "pwb-magento-prod",
            "SnapshotCreateTime": "2018-09-15T20:04:38.590Z",
            "Engine": "mysql",
            "AllocatedStorage": 300,
            "Status": "available",
            "Port": 3306,
            "AvailabilityZone": "ap-southeast-1b",
            "VpcId": "vpc-ae64d9c9",
            "InstanceCreateTime": "2018-02-26T16:47:54.204Z",
            "MasterUsername": "admin",
            "EngineVersion": "5.7.21",
            "LicenseModel": "general-public-license",
            "SnapshotType": "automated",
            "Iops": 3000,
            "OptionGroupName": "default:mysql-5-7",
            "PercentProgress": 100,
            "StorageType": "io1",
            "Encrypted": false,
            "DBSnapshotArn": "arn:aws:rds:ap-southeast-1:841787149052:snapshot:rds:pwb-magento-prod-2018-09-15-20-04",
            "IAMDatabaseAuthenticationEnabled": false,
            "ProcessorFeatures": []
        },
        {
            "DBSnapshotIdentifier": "rds:pwb-magento-prod-2018-09-16-20-04",
            "DBInstanceIdentifier": "pwb-magento-prod",
            "SnapshotCreateTime": "2018-09-16T20:04:40.114Z",
            "Engine": "mysql",
            "AllocatedStorage": 300,
            "Status": "available",
            "Port": 3306,
            "AvailabilityZone": "ap-southeast-1b",
            "VpcId": "vpc-ae64d9c9",
            "InstanceCreateTime": "2018-02-26T16:47:54.204Z",
            "MasterUsername": "admin",
            "EngineVersion": "5.7.21",
            "LicenseModel": "general-public-license",
            "SnapshotType": "automated",
            "Iops": 3000,
            "OptionGroupName": "default:mysql-5-7",
            "PercentProgress": 100,
            "StorageType": "io1",
            "Encrypted": false,
            "DBSnapshotArn": "arn:aws:rds:ap-southeast-1:841787149052:snapshot:rds:pwb-magento-prod-2018-09-16-20-04",
            "IAMDatabaseAuthenticationEnabled": false,
            "ProcessorFeatures": []
        },
        {
            "DBSnapshotIdentifier": "rds:pwb-magento-prod-2018-09-17-20-04",
            "DBInstanceIdentifier": "pwb-magento-prod",
            "SnapshotCreateTime": "2018-09-17T20:04:54.017Z",
            "Engine": "mysql",
            "AllocatedStorage": 300,
            "Status": "available",
            "Port": 3306,
            "AvailabilityZone": "ap-southeast-1b",
            "VpcId": "vpc-ae64d9c9",
            "InstanceCreateTime": "2018-02-26T16:47:54.204Z",
            "MasterUsername": "admin",
            "EngineVersion": "5.7.21",
            "LicenseModel": "general-public-license",
            "SnapshotType": "automated",
            "Iops": 3000,
            "OptionGroupName": "default:mysql-5-7",
            "PercentProgress": 100,
            "StorageType": "io1",
            "Encrypted": false,
            "DBSnapshotArn": "arn:aws:rds:ap-southeast-1:841787149052:snapshot:rds:pwb-magento-prod-2018-09-17-20-04",
            "IAMDatabaseAuthenticationEnabled": false,
            "ProcessorFeatures": []
        },
        {
            "DBSnapshotIdentifier": "rds:pwb-magento-prod-2018-09-18-20-04",
            "DBInstanceIdentifier": "pwb-magento-prod",
            "SnapshotCreateTime": "2018-09-18T20:04:56.722Z",
            "Engine": "mysql",
            "AllocatedStorage": 300,
            "Status": "available",
            "Port": 3306,
            "AvailabilityZone": "ap-southeast-1b",
            "VpcId": "vpc-ae64d9c9",
            "InstanceCreateTime": "2018-02-26T16:47:54.204Z",
            "MasterUsername": "admin",
            "EngineVersion": "5.7.21",
            "LicenseModel": "general-public-license",
            "SnapshotType": "automated",
            "Iops": 3000,
            "OptionGroupName": "default:mysql-5-7",
            "PercentProgress": 100,
            "StorageType": "io1",
            "Encrypted": false,
            "DBSnapshotArn": "arn:aws:rds:ap-southeast-1:841787149052:snapshot:rds:pwb-magento-prod-2018-09-18-20-04",
            "IAMDatabaseAuthenticationEnabled": false,
            "ProcessorFeatures": []
        },
        {
            "DBSnapshotIdentifier": "rds:pwb-magento-prod-2018-09-19-20-04",
            "DBInstanceIdentifier": "pwb-magento-prod",
            "SnapshotCreateTime": "2018-09-19T20:05:06.258Z",
            "Engine": "mysql",
            "AllocatedStorage": 300,
            "Status": "available",
            "Port": 3306,
            "AvailabilityZone": "ap-southeast-1b",
            "VpcId": "vpc-ae64d9c9",
            "InstanceCreateTime": "2018-02-26T16:47:54.204Z",
            "MasterUsername": "admin",
            "EngineVersion": "5.7.21",
            "LicenseModel": "general-public-license",
            "SnapshotType": "automated",
            "Iops": 3000,
            "OptionGroupName": "default:mysql-5-7",
            "PercentProgress": 100,
            "StorageType": "io1",
            "Encrypted": false,
            "DBSnapshotArn": "arn:aws:rds:ap-southeast-1:841787149052:snapshot:rds:pwb-magento-prod-2018-09-19-20-04",
            "IAMDatabaseAuthenticationEnabled": false,
            "ProcessorFeatures": []
        },
        {
            "DBSnapshotIdentifier": "rds:pwb-magento-prod-2018-09-20-20-04",
            "DBInstanceIdentifier": "pwb-magento-prod",
            "SnapshotCreateTime": "2018-09-20T20:04:38.088Z",
            "Engine": "mysql",
            "AllocatedStorage": 300,
            "Status": "available",
            "Port": 3306,
            "AvailabilityZone": "ap-southeast-1b",
            "VpcId": "vpc-ae64d9c9",
            "InstanceCreateTime": "2018-02-26T16:47:54.204Z",
            "MasterUsername": "admin",
            "EngineVersion": "5.7.21",
            "LicenseModel": "general-public-license",
            "SnapshotType": "automated",
            "Iops": 3000,
            "OptionGroupName": "default:mysql-5-7",
            "PercentProgress": 100,
            "StorageType": "io1",
            "Encrypted": false,
            "DBSnapshotArn": "arn:aws:rds:ap-southeast-1:841787149052:snapshot:rds:pwb-magento-prod-2018-09-20-20-04",
            "IAMDatabaseAuthenticationEnabled": false,
            "ProcessorFeatures": []
        },
        {
            "DBSnapshotIdentifier": "rds:pwb-magento-prod-2018-09-21-20-04",
            "DBInstanceIdentifier": "pwb-magento-prod",
            "SnapshotCreateTime": "2018-09-21T20:04:57.763Z",
            "Engine": "mysql",
            "AllocatedStorage": 300,
            "Status": "available",
            "Port": 3306,
            "AvailabilityZone": "ap-southeast-1b",
            "VpcId": "vpc-ae64d9c9",
            "InstanceCreateTime": "2018-02-26T16:47:54.204Z",
            "MasterUsername": "admin",
            "EngineVersion": "5.7.21",
            "LicenseModel": "general-public-license",
            "SnapshotType": "automated",
            "Iops": 3000,
            "OptionGroupName": "default:mysql-5-7",
            "PercentProgress": 100,
            "StorageType": "io1",
            "Encrypted": false,
            "DBSnapshotArn": "arn:aws:rds:ap-southeast-1:841787149052:snapshot:rds:pwb-magento-prod-2018-09-21-20-04",
            "IAMDatabaseAuthenticationEnabled": false,
            "ProcessorFeatures": []
        },
        {
            "DBSnapshotIdentifier": "rds:pwb-magento-prod-2018-09-22-20-04",
            "DBInstanceIdentifier": "pwb-magento-prod",
            "SnapshotCreateTime": "2018-09-22T20:04:36.145Z",
            "Engine": "mysql",
            "AllocatedStorage": 300,
            "Status": "available",
            "Port": 3306,
            "AvailabilityZone": "ap-southeast-1b",
            "VpcId": "vpc-ae64d9c9",
            "InstanceCreateTime": "2018-02-26T16:47:54.204Z",
            "MasterUsername": "admin",
            "EngineVersion": "5.7.21",
            "LicenseModel": "general-public-license",
            "SnapshotType": "automated",
            "Iops": 3000,
            "OptionGroupName": "default:mysql-5-7",
            "PercentProgress": 100,
            "StorageType": "io1",
            "Encrypted": false,
            "DBSnapshotArn": "arn:aws:rds:ap-southeast-1:841787149052:snapshot:rds:pwb-magento-prod-2018-09-22-20-04",
            "IAMDatabaseAuthenticationEnabled": false,
            "ProcessorFeatures": []
        },
        {
            "DBSnapshotIdentifier": "rds:pwb-magento-prod-2018-09-23-20-04",
            "DBInstanceIdentifier": "pwb-magento-prod",
            "SnapshotCreateTime": "2018-09-23T20:04:49.539Z",
            "Engine": "mysql",
            "AllocatedStorage": 300,
            "Status": "available",
            "Port": 3306,
            "AvailabilityZone": "ap-southeast-1b",
            "VpcId": "vpc-ae64d9c9",
            "InstanceCreateTime": "2018-02-26T16:47:54.204Z",
            "MasterUsername": "admin",
            "EngineVersion": "5.7.21",
            "LicenseModel": "general-public-license",
            "SnapshotType": "automated",
            "Iops": 3000,
            "OptionGroupName": "default:mysql-5-7",
            "PercentProgress": 100,
            "StorageType": "io1",
            "Encrypted": false,
            "DBSnapshotArn": "arn:aws:rds:ap-southeast-1:841787149052:snapshot:rds:pwb-magento-prod-2018-09-23-20-04",
            "IAMDatabaseAuthenticationEnabled": false,
            "ProcessorFeatures": []
        },
        {
            "DBSnapshotIdentifier": "rds:pwb-magento-prod-2018-09-24-20-04",
            "DBInstanceIdentifier": "pwb-magento-prod",
            "SnapshotCreateTime": "2018-09-24T20:04:50.906Z",
            "Engine": "mysql",
            "AllocatedStorage": 300,
            "Status": "available",
            "Port": 3306,
            "AvailabilityZone": "ap-southeast-1b",
            "VpcId": "vpc-ae64d9c9",
            "InstanceCreateTime": "2018-02-26T16:47:54.204Z",
            "MasterUsername": "admin",
            "EngineVersion": "5.7.21",
            "LicenseModel": "general-public-license",
            "SnapshotType": "automated",
            "Iops": 3000,
            "OptionGroupName": "default:mysql-5-7",
            "PercentProgress": 100,
            "StorageType": "io1",
            "Encrypted": false,
            "DBSnapshotArn": "arn:aws:rds:ap-southeast-1:841787149052:snapshot:rds:pwb-magento-prod-2018-09-24-20-04",
            "IAMDatabaseAuthenticationEnabled": false,
            "ProcessorFeatures": []
        },
        {
            "DBSnapshotIdentifier": "rds:pwb-magento-prod-2018-09-25-20-04",
            "DBInstanceIdentifier": "pwb-magento-prod",
            "SnapshotCreateTime": "2018-09-25T20:04:48.391Z",
            "Engine": "mysql",
            "AllocatedStorage": 300,
            "Status": "available",
            "Port": 3306,
            "AvailabilityZone": "ap-southeast-1b",
            "VpcId": "vpc-ae64d9c9",
            "InstanceCreateTime": "2018-02-26T16:47:54.204Z",
            "MasterUsername": "admin",
            "EngineVersion": "5.7.21",
            "LicenseModel": "general-public-license",
            "SnapshotType": "automated",
            "Iops": 3000,
            "OptionGroupName": "default:mysql-5-7",
            "PercentProgress": 100,
            "StorageType": "io1",
            "Encrypted": false,
            "DBSnapshotArn": "arn:aws:rds:ap-southeast-1:841787149052:snapshot:rds:pwb-magento-prod-2018-09-25-20-04",
            "IAMDatabaseAuthenticationEnabled": false,
            "ProcessorFeatures": []
        },
        {
            "DBSnapshotIdentifier": "rds:pwb-magento-prod-jd-productsync-2018-09-24-20-12",
            "DBInstanceIdentifier": "pwb-magento-prod-jd-productsync",
            "SnapshotCreateTime": "2018-09-24T20:12:22.285Z",
            "Engine": "mysql",
            "AllocatedStorage": 300,
            "Status": "available",
            "Port": 3306,
            "AvailabilityZone": "ap-southeast-1a",
            "VpcId": "vpc-ae64d9c9",
            "InstanceCreateTime": "2018-09-14T15:27:13.054Z",
            "MasterUsername": "admin",
            "EngineVersion": "5.7.21",
            "LicenseModel": "general-public-license",
            "SnapshotType": "automated",
            "OptionGroupName": "default:mysql-5-7",
            "PercentProgress": 100,
            "StorageType": "gp2",
            "Encrypted": false,
            "DBSnapshotArn": "arn:aws:rds:ap-southeast-1:841787149052:snapshot:rds:pwb-magento-prod-jd-productsync-2018-09-24-20-12",
            "IAMDatabaseAuthenticationEnabled": false,
            "ProcessorFeatures": []
        },
        {
            "DBSnapshotIdentifier": "rds:pwb-magento-prod-jd-productsync-2018-09-25-20-12",
            "DBInstanceIdentifier": "pwb-magento-prod-jd-productsync",
            "SnapshotCreateTime": "2018-09-25T20:12:30.882Z",
            "Engine": "mysql",
            "AllocatedStorage": 300,
            "Status": "available",
            "Port": 3306,
            "AvailabilityZone": "ap-southeast-1a",
            "VpcId": "vpc-ae64d9c9",
            "InstanceCreateTime": "2018-09-14T15:27:13.054Z",
            "MasterUsername": "admin",
            "EngineVersion": "5.7.21",
            "LicenseModel": "general-public-license",
            "SnapshotType": "automated",
            "OptionGroupName": "default:mysql-5-7",
            "PercentProgress": 100,
            "StorageType": "gp2",
            "Encrypted": false,
            "DBSnapshotArn": "arn:aws:rds:ap-southeast-1:841787149052:snapshot:rds:pwb-magento-prod-jd-productsync-2018-09-25-20-12",
            "IAMDatabaseAuthenticationEnabled": false,
            "ProcessorFeatures": []
        },
        {
            "DBSnapshotIdentifier": "rds:pwb-magento-uat-2018-09-24-20-17",
            "DBInstanceIdentifier": "pwb-magento-uat",
            "SnapshotCreateTime": "2018-09-24T20:17:43.040Z",
            "Engine": "mysql",
            "AllocatedStorage": 300,
            "Status": "available",
            "Port": 3306,
            "AvailabilityZone": "ap-southeast-1b",
            "VpcId": "vpc-679dd200",
            "InstanceCreateTime": "2018-07-05T10:08:35.342Z",
            "MasterUsername": "admin",
            "EngineVersion": "5.7.19",
            "LicenseModel": "general-public-license",
            "SnapshotType": "automated",
            "OptionGroupName": "default:mysql-5-7",
            "PercentProgress": 100,
            "StorageType": "gp2",
            "Encrypted": false,
            "DBSnapshotArn": "arn:aws:rds:ap-southeast-1:841787149052:snapshot:rds:pwb-magento-uat-2018-09-24-20-17",
            "IAMDatabaseAuthenticationEnabled": false,
            "ProcessorFeatures": []
        },
        {
            "DBSnapshotIdentifier": "rds:pwb-magento-uat-2018-09-25-20-17",
            "DBInstanceIdentifier": "pwb-magento-uat",
            "SnapshotCreateTime": "2018-09-25T20:17:35.218Z",
            "Engine": "mysql",
            "AllocatedStorage": 300,
            "Status": "available",
            "Port": 3306,
            "AvailabilityZone": "ap-southeast-1b",
            "VpcId": "vpc-679dd200",
            "InstanceCreateTime": "2018-07-05T10:08:35.342Z",
            "MasterUsername": "admin",
            "EngineVersion": "5.7.19",
            "LicenseModel": "general-public-license",
            "SnapshotType": "automated",
            "OptionGroupName": "default:mysql-5-7",
            "PercentProgress": 100,
            "StorageType": "gp2",
            "Encrypted": false,
            "DBSnapshotArn": "arn:aws:rds:ap-southeast-1:841787149052:snapshot:rds:pwb-magento-uat-2018-09-25-20-17",
            "IAMDatabaseAuthenticationEnabled": false,
            "ProcessorFeatures": []
        },
        {
            "DBSnapshotIdentifier": "rds:pwbonline-2018-09-17-15-31",
            "DBInstanceIdentifier": "pwbonline",
            "SnapshotCreateTime": "2018-09-17T15:32:26.930Z",
            "Engine": "sqlserver-se",
            "AllocatedStorage": 200,
            "Status": "available",
            "Port": 1433,
            "AvailabilityZone": "ap-southeast-1a",
            "VpcId": "vpc-1d05a279",
            "InstanceCreateTime": "2017-09-10T04:12:32.704Z",
            "MasterUsername": "cto",
            "EngineVersion": "13.00.4422.0.v1",
            "LicenseModel": "license-included",
            "SnapshotType": "automated",
            "OptionGroupName": "default:sqlserver-se-13-00",
            "PercentProgress": 100,
            "StorageType": "gp2",
            "Encrypted": true,
            "KmsKeyId": "arn:aws:kms:ap-southeast-1:841787149052:key/e4c7abe1-88bd-42d4-a705-4ff41740fe31",
            "DBSnapshotArn": "arn:aws:rds:ap-southeast-1:841787149052:snapshot:rds:pwbonline-2018-09-17-15-31",
            "Timezone": "SE Asia Standard Time",
            "IAMDatabaseAuthenticationEnabled": false,
            "ProcessorFeatures": []
        },
        {
            "DBSnapshotIdentifier": "rds:pwbonline-2018-09-18-15-31",
            "DBInstanceIdentifier": "pwbonline",
            "SnapshotCreateTime": "2018-09-18T15:32:29.418Z",
            "Engine": "sqlserver-se",
            "AllocatedStorage": 200,
            "Status": "available",
            "Port": 1433,
            "AvailabilityZone": "ap-southeast-1a",
            "VpcId": "vpc-1d05a279",
            "InstanceCreateTime": "2017-09-10T04:12:32.704Z",
            "MasterUsername": "cto",
            "EngineVersion": "13.00.4422.0.v1",
            "LicenseModel": "license-included",
            "SnapshotType": "automated",
            "OptionGroupName": "default:sqlserver-se-13-00",
            "PercentProgress": 100,
            "StorageType": "gp2",
            "Encrypted": true,
            "KmsKeyId": "arn:aws:kms:ap-southeast-1:841787149052:key/e4c7abe1-88bd-42d4-a705-4ff41740fe31",
            "DBSnapshotArn": "arn:aws:rds:ap-southeast-1:841787149052:snapshot:rds:pwbonline-2018-09-18-15-31",
            "Timezone": "SE Asia Standard Time",
            "IAMDatabaseAuthenticationEnabled": false,
            "ProcessorFeatures": []
        },
        {
            "DBSnapshotIdentifier": "rds:pwbonline-2018-09-19-15-31",
            "DBInstanceIdentifier": "pwbonline",
            "SnapshotCreateTime": "2018-09-19T15:32:29.619Z",
            "Engine": "sqlserver-se",
            "AllocatedStorage": 200,
            "Status": "available",
            "Port": 1433,
            "AvailabilityZone": "ap-southeast-1a",
            "VpcId": "vpc-1d05a279",
            "InstanceCreateTime": "2017-09-10T04:12:32.704Z",
            "MasterUsername": "cto",
            "EngineVersion": "13.00.4422.0.v1",
            "LicenseModel": "license-included",
            "SnapshotType": "automated",
            "OptionGroupName": "default:sqlserver-se-13-00",
            "PercentProgress": 100,
            "StorageType": "gp2",
            "Encrypted": true,
            "KmsKeyId": "arn:aws:kms:ap-southeast-1:841787149052:key/e4c7abe1-88bd-42d4-a705-4ff41740fe31",
            "DBSnapshotArn": "arn:aws:rds:ap-southeast-1:841787149052:snapshot:rds:pwbonline-2018-09-19-15-31",
            "Timezone": "SE Asia Standard Time",
            "IAMDatabaseAuthenticationEnabled": false,
            "ProcessorFeatures": []
        },
        {
            "DBSnapshotIdentifier": "rds:pwbonline-2018-09-20-15-31",
            "DBInstanceIdentifier": "pwbonline",
            "SnapshotCreateTime": "2018-09-20T15:32:15.868Z",
            "Engine": "sqlserver-se",
            "AllocatedStorage": 200,
            "Status": "available",
            "Port": 1433,
            "AvailabilityZone": "ap-southeast-1a",
            "VpcId": "vpc-1d05a279",
            "InstanceCreateTime": "2017-09-10T04:12:32.704Z",
            "MasterUsername": "cto",
            "EngineVersion": "13.00.4422.0.v1",
            "LicenseModel": "license-included",
            "SnapshotType": "automated",
            "OptionGroupName": "default:sqlserver-se-13-00",
            "PercentProgress": 100,
            "StorageType": "gp2",
            "Encrypted": true,
            "KmsKeyId": "arn:aws:kms:ap-southeast-1:841787149052:key/e4c7abe1-88bd-42d4-a705-4ff41740fe31",
            "DBSnapshotArn": "arn:aws:rds:ap-southeast-1:841787149052:snapshot:rds:pwbonline-2018-09-20-15-31",
            "Timezone": "SE Asia Standard Time",
            "IAMDatabaseAuthenticationEnabled": false,
            "ProcessorFeatures": []
        },
        {
            "DBSnapshotIdentifier": "rds:pwbonline-2018-09-21-15-31",
            "DBInstanceIdentifier": "pwbonline",
            "SnapshotCreateTime": "2018-09-21T15:32:51.295Z",
            "Engine": "sqlserver-se",
            "AllocatedStorage": 200,
            "Status": "available",
            "Port": 1433,
            "AvailabilityZone": "ap-southeast-1a",
            "VpcId": "vpc-1d05a279",
            "InstanceCreateTime": "2017-09-10T04:12:32.704Z",
            "MasterUsername": "cto",
            "EngineVersion": "13.00.4422.0.v1",
            "LicenseModel": "license-included",
            "SnapshotType": "automated",
            "OptionGroupName": "default:sqlserver-se-13-00",
            "PercentProgress": 100,
            "StorageType": "gp2",
            "Encrypted": true,
            "KmsKeyId": "arn:aws:kms:ap-southeast-1:841787149052:key/e4c7abe1-88bd-42d4-a705-4ff41740fe31",
            "DBSnapshotArn": "arn:aws:rds:ap-southeast-1:841787149052:snapshot:rds:pwbonline-2018-09-21-15-31",
            "Timezone": "SE Asia Standard Time",
            "IAMDatabaseAuthenticationEnabled": false,
            "ProcessorFeatures": []
        },
        {
            "DBSnapshotIdentifier": "rds:pwbonline-2018-09-22-15-31",
            "DBInstanceIdentifier": "pwbonline",
            "SnapshotCreateTime": "2018-09-22T15:32:31.927Z",
            "Engine": "sqlserver-se",
            "AllocatedStorage": 200,
            "Status": "available",
            "Port": 1433,
            "AvailabilityZone": "ap-southeast-1a",
            "VpcId": "vpc-1d05a279",
            "InstanceCreateTime": "2017-09-10T04:12:32.704Z",
            "MasterUsername": "cto",
            "EngineVersion": "13.00.4422.0.v1",
            "LicenseModel": "license-included",
            "SnapshotType": "automated",
            "OptionGroupName": "default:sqlserver-se-13-00",
            "PercentProgress": 100,
            "StorageType": "gp2",
            "Encrypted": true,
            "KmsKeyId": "arn:aws:kms:ap-southeast-1:841787149052:key/e4c7abe1-88bd-42d4-a705-4ff41740fe31",
            "DBSnapshotArn": "arn:aws:rds:ap-southeast-1:841787149052:snapshot:rds:pwbonline-2018-09-22-15-31",
            "Timezone": "SE Asia Standard Time",
            "IAMDatabaseAuthenticationEnabled": false,
            "ProcessorFeatures": []
        },
        {
            "DBSnapshotIdentifier": "rds:pwbonline-2018-09-23-15-31",
            "DBInstanceIdentifier": "pwbonline",
            "SnapshotCreateTime": "2018-09-23T15:32:31.842Z",
            "Engine": "sqlserver-se",
            "AllocatedStorage": 200,
            "Status": "available",
            "Port": 1433,
            "AvailabilityZone": "ap-southeast-1a",
            "VpcId": "vpc-1d05a279",
            "InstanceCreateTime": "2017-09-10T04:12:32.704Z",
            "MasterUsername": "cto",
            "EngineVersion": "13.00.4422.0.v1",
            "LicenseModel": "license-included",
            "SnapshotType": "automated",
            "OptionGroupName": "default:sqlserver-se-13-00",
            "PercentProgress": 100,
            "StorageType": "gp2",
            "Encrypted": true,
            "KmsKeyId": "arn:aws:kms:ap-southeast-1:841787149052:key/e4c7abe1-88bd-42d4-a705-4ff41740fe31",
            "DBSnapshotArn": "arn:aws:rds:ap-southeast-1:841787149052:snapshot:rds:pwbonline-2018-09-23-15-31",
            "Timezone": "SE Asia Standard Time",
            "IAMDatabaseAuthenticationEnabled": false,
            "ProcessorFeatures": []
        },
        {
            "DBSnapshotIdentifier": "rds:pwbonline-2018-09-24-15-31",
            "DBInstanceIdentifier": "pwbonline",
            "SnapshotCreateTime": "2018-09-24T15:32:35.478Z",
            "Engine": "sqlserver-se",
            "AllocatedStorage": 200,
            "Status": "available",
            "Port": 1433,
            "AvailabilityZone": "ap-southeast-1a",
            "VpcId": "vpc-1d05a279",
            "InstanceCreateTime": "2017-09-10T04:12:32.704Z",
            "MasterUsername": "cto",
            "EngineVersion": "13.00.4422.0.v1",
            "LicenseModel": "license-included",
            "SnapshotType": "automated",
            "OptionGroupName": "default:sqlserver-se-13-00",
            "PercentProgress": 100,
            "StorageType": "gp2",
            "Encrypted": true,
            "KmsKeyId": "arn:aws:kms:ap-southeast-1:841787149052:key/e4c7abe1-88bd-42d4-a705-4ff41740fe31",
            "DBSnapshotArn": "arn:aws:rds:ap-southeast-1:841787149052:snapshot:rds:pwbonline-2018-09-24-15-31",
            "Timezone": "SE Asia Standard Time",
            "IAMDatabaseAuthenticationEnabled": false,
            "ProcessorFeatures": []
        },
        {
            "DBSnapshotIdentifier": "rds:pwbonline-2018-09-25-15-31",
            "DBInstanceIdentifier": "pwbonline",
            "SnapshotCreateTime": "2018-09-25T15:32:24.768Z",
            "Engine": "sqlserver-se",
            "AllocatedStorage": 200,
            "Status": "available",
            "Port": 1433,
            "AvailabilityZone": "ap-southeast-1a",
            "VpcId": "vpc-1d05a279",
            "InstanceCreateTime": "2017-09-10T04:12:32.704Z",
            "MasterUsername": "cto",
            "EngineVersion": "13.00.4422.0.v1",
            "LicenseModel": "license-included",
            "SnapshotType": "automated",
            "OptionGroupName": "default:sqlserver-se-13-00",
            "PercentProgress": 100,
            "StorageType": "gp2",
            "Encrypted": true,
            "KmsKeyId": "arn:aws:kms:ap-southeast-1:841787149052:key/e4c7abe1-88bd-42d4-a705-4ff41740fe31",
            "DBSnapshotArn": "arn:aws:rds:ap-southeast-1:841787149052:snapshot:rds:pwbonline-2018-09-25-15-31",
            "Timezone": "SE Asia Standard Time",
            "IAMDatabaseAuthenticationEnabled": false,
            "ProcessorFeatures": []
        },
        {
            "DBSnapshotIdentifier": "rds:sentry-2018-09-17-16-10",
            "DBInstanceIdentifier": "sentry",
            "SnapshotCreateTime": "2018-09-17T16:10:15.129Z",
            "Engine": "postgres",
            "AllocatedStorage": 100,
            "Status": "available",
            "Port": 5432,
            "AvailabilityZone": "ap-southeast-1a",
            "VpcId": "vpc-7c91d218",
            "InstanceCreateTime": "2018-01-11T15:52:05.320Z",
            "MasterUsername": "sentry",
            "EngineVersion": "9.5.10",
            "LicenseModel": "postgresql-license",
            "SnapshotType": "automated",
            "OptionGroupName": "default:postgres-9-5",
            "PercentProgress": 100,
            "StorageType": "gp2",
            "Encrypted": false,
            "DBSnapshotArn": "arn:aws:rds:ap-southeast-1:841787149052:snapshot:rds:sentry-2018-09-17-16-10",
            "IAMDatabaseAuthenticationEnabled": false,
            "ProcessorFeatures": []
        },
        {
            "DBSnapshotIdentifier": "rds:sentry-2018-09-18-16-10",
            "DBInstanceIdentifier": "sentry",
            "SnapshotCreateTime": "2018-09-18T16:10:35.642Z",
            "Engine": "postgres",
            "AllocatedStorage": 100,
            "Status": "available",
            "Port": 5432,
            "AvailabilityZone": "ap-southeast-1a",
            "VpcId": "vpc-7c91d218",
            "InstanceCreateTime": "2018-01-11T15:52:05.320Z",
            "MasterUsername": "sentry",
            "EngineVersion": "9.5.10",
            "LicenseModel": "postgresql-license",
            "SnapshotType": "automated",
            "OptionGroupName": "default:postgres-9-5",
            "PercentProgress": 100,
            "StorageType": "gp2",
            "Encrypted": false,
            "DBSnapshotArn": "arn:aws:rds:ap-southeast-1:841787149052:snapshot:rds:sentry-2018-09-18-16-10",
            "IAMDatabaseAuthenticationEnabled": false,
            "ProcessorFeatures": []
        },
        {
            "DBSnapshotIdentifier": "rds:sentry-2018-09-19-16-10",
            "DBInstanceIdentifier": "sentry",
            "SnapshotCreateTime": "2018-09-19T16:10:20.079Z",
            "Engine": "postgres",
            "AllocatedStorage": 100,
            "Status": "available",
            "Port": 5432,
            "AvailabilityZone": "ap-southeast-1a",
            "VpcId": "vpc-7c91d218",
            "InstanceCreateTime": "2018-01-11T15:52:05.320Z",
            "MasterUsername": "sentry",
            "EngineVersion": "9.5.10",
            "LicenseModel": "postgresql-license",
            "SnapshotType": "automated",
            "OptionGroupName": "default:postgres-9-5",
            "PercentProgress": 100,
            "StorageType": "gp2",
            "Encrypted": false,
            "DBSnapshotArn": "arn:aws:rds:ap-southeast-1:841787149052:snapshot:rds:sentry-2018-09-19-16-10",
            "IAMDatabaseAuthenticationEnabled": false,
            "ProcessorFeatures": []
        },
        {
            "DBSnapshotIdentifier": "rds:sentry-2018-09-20-16-10",
            "DBInstanceIdentifier": "sentry",
            "SnapshotCreateTime": "2018-09-20T16:10:24.079Z",
            "Engine": "postgres",
            "AllocatedStorage": 100,
            "Status": "available",
            "Port": 5432,
            "AvailabilityZone": "ap-southeast-1a",
            "VpcId": "vpc-7c91d218",
            "InstanceCreateTime": "2018-01-11T15:52:05.320Z",
            "MasterUsername": "sentry",
            "EngineVersion": "9.5.10",
            "LicenseModel": "postgresql-license",
            "SnapshotType": "automated",
            "OptionGroupName": "default:postgres-9-5",
            "PercentProgress": 100,
            "StorageType": "gp2",
            "Encrypted": false,
            "DBSnapshotArn": "arn:aws:rds:ap-southeast-1:841787149052:snapshot:rds:sentry-2018-09-20-16-10",
            "IAMDatabaseAuthenticationEnabled": false,
            "ProcessorFeatures": []
        },
        {
            "DBSnapshotIdentifier": "rds:sentry-2018-09-21-16-10",
            "DBInstanceIdentifier": "sentry",
            "SnapshotCreateTime": "2018-09-21T16:10:37.826Z",
            "Engine": "postgres",
            "AllocatedStorage": 100,
            "Status": "available",
            "Port": 5432,
            "AvailabilityZone": "ap-southeast-1a",
            "VpcId": "vpc-7c91d218",
            "InstanceCreateTime": "2018-01-11T15:52:05.320Z",
            "MasterUsername": "sentry",
            "EngineVersion": "9.5.10",
            "LicenseModel": "postgresql-license",
            "SnapshotType": "automated",
            "OptionGroupName": "default:postgres-9-5",
            "PercentProgress": 100,
            "StorageType": "gp2",
            "Encrypted": false,
            "DBSnapshotArn": "arn:aws:rds:ap-southeast-1:841787149052:snapshot:rds:sentry-2018-09-21-16-10",
            "IAMDatabaseAuthenticationEnabled": false,
            "ProcessorFeatures": []
        },
        {
            "DBSnapshotIdentifier": "rds:sentry-2018-09-22-16-10",
            "DBInstanceIdentifier": "sentry",
            "SnapshotCreateTime": "2018-09-22T16:10:48.457Z",
            "Engine": "postgres",
            "AllocatedStorage": 100,
            "Status": "available",
            "Port": 5432,
            "AvailabilityZone": "ap-southeast-1a",
            "VpcId": "vpc-7c91d218",
            "InstanceCreateTime": "2018-01-11T15:52:05.320Z",
            "MasterUsername": "sentry",
            "EngineVersion": "9.5.10",
            "LicenseModel": "postgresql-license",
            "SnapshotType": "automated",
            "OptionGroupName": "default:postgres-9-5",
            "PercentProgress": 100,
            "StorageType": "gp2",
            "Encrypted": false,
            "DBSnapshotArn": "arn:aws:rds:ap-southeast-1:841787149052:snapshot:rds:sentry-2018-09-22-16-10",
            "IAMDatabaseAuthenticationEnabled": false,
            "ProcessorFeatures": []
        },
        {
            "DBSnapshotIdentifier": "rds:sentry-2018-09-23-16-10",
            "DBInstanceIdentifier": "sentry",
            "SnapshotCreateTime": "2018-09-23T16:10:25.427Z",
            "Engine": "postgres",
            "AllocatedStorage": 100,
            "Status": "available",
            "Port": 5432,
            "AvailabilityZone": "ap-southeast-1a",
            "VpcId": "vpc-7c91d218",
            "InstanceCreateTime": "2018-01-11T15:52:05.320Z",
            "MasterUsername": "sentry",
            "EngineVersion": "9.5.10",
            "LicenseModel": "postgresql-license",
            "SnapshotType": "automated",
            "OptionGroupName": "default:postgres-9-5",
            "PercentProgress": 100,
            "StorageType": "gp2",
            "Encrypted": false,
            "DBSnapshotArn": "arn:aws:rds:ap-southeast-1:841787149052:snapshot:rds:sentry-2018-09-23-16-10",
            "IAMDatabaseAuthenticationEnabled": false,
            "ProcessorFeatures": []
        },
        {
            "DBSnapshotIdentifier": "rds:sentry-2018-09-24-16-10",
            "DBInstanceIdentifier": "sentry",
            "SnapshotCreateTime": "2018-09-24T16:10:27.557Z",
            "Engine": "postgres",
            "AllocatedStorage": 100,
            "Status": "available",
            "Port": 5432,
            "AvailabilityZone": "ap-southeast-1a",
            "VpcId": "vpc-7c91d218",
            "InstanceCreateTime": "2018-01-11T15:52:05.320Z",
            "MasterUsername": "sentry",
            "EngineVersion": "9.5.10",
            "LicenseModel": "postgresql-license",
            "SnapshotType": "automated",
            "OptionGroupName": "default:postgres-9-5",
            "PercentProgress": 100,
            "StorageType": "gp2",
            "Encrypted": false,
            "DBSnapshotArn": "arn:aws:rds:ap-southeast-1:841787149052:snapshot:rds:sentry-2018-09-24-16-10",
            "IAMDatabaseAuthenticationEnabled": false,
            "ProcessorFeatures": []
        },
        {
            "DBSnapshotIdentifier": "rds:sentry-2018-09-25-16-10",
            "DBInstanceIdentifier": "sentry",
            "SnapshotCreateTime": "2018-09-25T16:10:28.634Z",
            "Engine": "postgres",
            "AllocatedStorage": 100,
            "Status": "available",
            "Port": 5432,
            "AvailabilityZone": "ap-southeast-1a",
            "VpcId": "vpc-7c91d218",
            "InstanceCreateTime": "2018-01-11T15:52:05.320Z",
            "MasterUsername": "sentry",
            "EngineVersion": "9.5.10",
            "LicenseModel": "postgresql-license",
            "SnapshotType": "automated",
            "OptionGroupName": "default:postgres-9-5",
            "PercentProgress": 100,
            "StorageType": "gp2",
            "Encrypted": false,
            "DBSnapshotArn": "arn:aws:rds:ap-southeast-1:841787149052:snapshot:rds:sentry-2018-09-25-16-10",
            "IAMDatabaseAuthenticationEnabled": false,
            "ProcessorFeatures": []
        },
        {
            "DBSnapshotIdentifier": "rds:t1c-2018-09-17-20-52",
            "DBInstanceIdentifier": "t1c",
            "SnapshotCreateTime": "2018-09-17T20:52:12.454Z",
            "Engine": "postgres",
            "AllocatedStorage": 100,
            "Status": "available",
            "Port": 5432,
            "AvailabilityZone": "ap-southeast-1a",
            "VpcId": "vpc-1d05a279",
            "InstanceCreateTime": "2017-07-12T10:48:12.246Z",
            "MasterUsername": "t1c",
            "EngineVersion": "9.6.6",
            "LicenseModel": "postgresql-license",
            "SnapshotType": "automated",
            "OptionGroupName": "default:postgres-9-6",
            "PercentProgress": 100,
            "StorageType": "gp2",
            "Encrypted": false,
            "DBSnapshotArn": "arn:aws:rds:ap-southeast-1:841787149052:snapshot:rds:t1c-2018-09-17-20-52",
            "IAMDatabaseAuthenticationEnabled": false,
            "ProcessorFeatures": []
        },
        {
            "DBSnapshotIdentifier": "rds:t1c-2018-09-18-20-52",
            "DBInstanceIdentifier": "t1c",
            "SnapshotCreateTime": "2018-09-18T20:52:28.186Z",
            "Engine": "postgres",
            "AllocatedStorage": 100,
            "Status": "available",
            "Port": 5432,
            "AvailabilityZone": "ap-southeast-1a",
            "VpcId": "vpc-1d05a279",
            "InstanceCreateTime": "2017-07-12T10:48:12.246Z",
            "MasterUsername": "t1c",
            "EngineVersion": "9.6.6",
            "LicenseModel": "postgresql-license",
            "SnapshotType": "automated",
            "OptionGroupName": "default:postgres-9-6",
            "PercentProgress": 100,
            "StorageType": "gp2",
            "Encrypted": false,
            "DBSnapshotArn": "arn:aws:rds:ap-southeast-1:841787149052:snapshot:rds:t1c-2018-09-18-20-52",
            "IAMDatabaseAuthenticationEnabled": false,
            "ProcessorFeatures": []
        },
        {
            "DBSnapshotIdentifier": "rds:t1c-2018-09-19-20-52",
            "DBInstanceIdentifier": "t1c",
            "SnapshotCreateTime": "2018-09-19T20:52:26.125Z",
            "Engine": "postgres",
            "AllocatedStorage": 100,
            "Status": "available",
            "Port": 5432,
            "AvailabilityZone": "ap-southeast-1a",
            "VpcId": "vpc-1d05a279",
            "InstanceCreateTime": "2017-07-12T10:48:12.246Z",
            "MasterUsername": "t1c",
            "EngineVersion": "9.6.6",
            "LicenseModel": "postgresql-license",
            "SnapshotType": "automated",
            "OptionGroupName": "default:postgres-9-6",
            "PercentProgress": 100,
            "StorageType": "gp2",
            "Encrypted": false,
            "DBSnapshotArn": "arn:aws:rds:ap-southeast-1:841787149052:snapshot:rds:t1c-2018-09-19-20-52",
            "IAMDatabaseAuthenticationEnabled": false,
            "ProcessorFeatures": []
        },
        {
            "DBSnapshotIdentifier": "rds:t1c-2018-09-20-20-52",
            "DBInstanceIdentifier": "t1c",
            "SnapshotCreateTime": "2018-09-20T20:52:19.478Z",
            "Engine": "postgres",
            "AllocatedStorage": 100,
            "Status": "available",
            "Port": 5432,
            "AvailabilityZone": "ap-southeast-1a",
            "VpcId": "vpc-1d05a279",
            "InstanceCreateTime": "2017-07-12T10:48:12.246Z",
            "MasterUsername": "t1c",
            "EngineVersion": "9.6.6",
            "LicenseModel": "postgresql-license",
            "SnapshotType": "automated",
            "OptionGroupName": "default:postgres-9-6",
            "PercentProgress": 100,
            "StorageType": "gp2",
            "Encrypted": false,
            "DBSnapshotArn": "arn:aws:rds:ap-southeast-1:841787149052:snapshot:rds:t1c-2018-09-20-20-52",
            "IAMDatabaseAuthenticationEnabled": false,
            "ProcessorFeatures": []
        },
        {
            "DBSnapshotIdentifier": "rds:t1c-2018-09-21-20-52",
            "DBInstanceIdentifier": "t1c",
            "SnapshotCreateTime": "2018-09-21T20:52:24.444Z",
            "Engine": "postgres",
            "AllocatedStorage": 100,
            "Status": "available",
            "Port": 5432,
            "AvailabilityZone": "ap-southeast-1a",
            "VpcId": "vpc-1d05a279",
            "InstanceCreateTime": "2017-07-12T10:48:12.246Z",
            "MasterUsername": "t1c",
            "EngineVersion": "9.6.6",
            "LicenseModel": "postgresql-license",
            "SnapshotType": "automated",
            "OptionGroupName": "default:postgres-9-6",
            "PercentProgress": 100,
            "StorageType": "gp2",
            "Encrypted": false,
            "DBSnapshotArn": "arn:aws:rds:ap-southeast-1:841787149052:snapshot:rds:t1c-2018-09-21-20-52",
            "IAMDatabaseAuthenticationEnabled": false,
            "ProcessorFeatures": []
        },
        {
            "DBSnapshotIdentifier": "rds:t1c-2018-09-22-20-52",
            "DBInstanceIdentifier": "t1c",
            "SnapshotCreateTime": "2018-09-22T20:52:23.899Z",
            "Engine": "postgres",
            "AllocatedStorage": 100,
            "Status": "available",
            "Port": 5432,
            "AvailabilityZone": "ap-southeast-1a",
            "VpcId": "vpc-1d05a279",
            "InstanceCreateTime": "2017-07-12T10:48:12.246Z",
            "MasterUsername": "t1c",
            "EngineVersion": "9.6.6",
            "LicenseModel": "postgresql-license",
            "SnapshotType": "automated",
            "OptionGroupName": "default:postgres-9-6",
            "PercentProgress": 100,
            "StorageType": "gp2",
            "Encrypted": false,
            "DBSnapshotArn": "arn:aws:rds:ap-southeast-1:841787149052:snapshot:rds:t1c-2018-09-22-20-52",
            "IAMDatabaseAuthenticationEnabled": false,
            "ProcessorFeatures": []
        },
        {
            "DBSnapshotIdentifier": "rds:t1c-2018-09-23-20-52",
            "DBInstanceIdentifier": "t1c",
            "SnapshotCreateTime": "2018-09-23T20:52:31.142Z",
            "Engine": "postgres",
            "AllocatedStorage": 100,
            "Status": "available",
            "Port": 5432,
            "AvailabilityZone": "ap-southeast-1a",
            "VpcId": "vpc-1d05a279",
            "InstanceCreateTime": "2017-07-12T10:48:12.246Z",
            "MasterUsername": "t1c",
            "EngineVersion": "9.6.6",
            "LicenseModel": "postgresql-license",
            "SnapshotType": "automated",
            "OptionGroupName": "default:postgres-9-6",
            "PercentProgress": 100,
            "StorageType": "gp2",
            "Encrypted": false,
            "DBSnapshotArn": "arn:aws:rds:ap-southeast-1:841787149052:snapshot:rds:t1c-2018-09-23-20-52",
            "IAMDatabaseAuthenticationEnabled": false,
            "ProcessorFeatures": []
        },
        {
            "DBSnapshotIdentifier": "rds:t1c-2018-09-24-20-52",
            "DBInstanceIdentifier": "t1c",
            "SnapshotCreateTime": "2018-09-24T20:52:35.140Z",
            "Engine": "postgres",
            "AllocatedStorage": 100,
            "Status": "available",
            "Port": 5432,
            "AvailabilityZone": "ap-southeast-1a",
            "VpcId": "vpc-1d05a279",
            "InstanceCreateTime": "2017-07-12T10:48:12.246Z",
            "MasterUsername": "t1c",
            "EngineVersion": "9.6.6",
            "LicenseModel": "postgresql-license",
            "SnapshotType": "automated",
            "OptionGroupName": "default:postgres-9-6",
            "PercentProgress": 100,
            "StorageType": "gp2",
            "Encrypted": false,
            "DBSnapshotArn": "arn:aws:rds:ap-southeast-1:841787149052:snapshot:rds:t1c-2018-09-24-20-52",
            "IAMDatabaseAuthenticationEnabled": false,
            "ProcessorFeatures": []
        },
        {
            "DBSnapshotIdentifier": "rds:t1c-2018-09-25-20-52",
            "DBInstanceIdentifier": "t1c",
            "SnapshotCreateTime": "2018-09-25T20:52:14.955Z",
            "Engine": "postgres",
            "AllocatedStorage": 100,
            "Status": "available",
            "Port": 5432,
            "AvailabilityZone": "ap-southeast-1a",
            "VpcId": "vpc-1d05a279",
            "InstanceCreateTime": "2017-07-12T10:48:12.246Z",
            "MasterUsername": "t1c",
            "EngineVersion": "9.6.6",
            "LicenseModel": "postgresql-license",
            "SnapshotType": "automated",
            "OptionGroupName": "default:postgres-9-6",
            "PercentProgress": 100,
            "StorageType": "gp2",
            "Encrypted": false,
            "DBSnapshotArn": "arn:aws:rds:ap-southeast-1:841787149052:snapshot:rds:t1c-2018-09-25-20-52",
            "IAMDatabaseAuthenticationEnabled": false,
            "ProcessorFeatures": []
        },
        {
            "DBSnapshotIdentifier": "rds:t1cuat-2018-09-17-14-39",
            "DBInstanceIdentifier": "t1cuat",
            "SnapshotCreateTime": "2018-09-17T14:39:16.906Z",
            "Engine": "postgres",
            "AllocatedStorage": 10,
            "Status": "available",
            "Port": 5432,
            "AvailabilityZone": "ap-southeast-1a",
            "VpcId": "vpc-1d05a279",
            "InstanceCreateTime": "2017-07-26T06:43:39.578Z",
            "MasterUsername": "t1cuat",
            "EngineVersion": "9.6.6",
            "LicenseModel": "postgresql-license",
            "SnapshotType": "automated",
            "OptionGroupName": "default:postgres-9-6",
            "PercentProgress": 100,
            "StorageType": "gp2",
            "Encrypted": false,
            "DBSnapshotArn": "arn:aws:rds:ap-southeast-1:841787149052:snapshot:rds:t1cuat-2018-09-17-14-39",
            "IAMDatabaseAuthenticationEnabled": false,
            "ProcessorFeatures": []
        },
        {
            "DBSnapshotIdentifier": "rds:t1cuat-2018-09-18-14-39",
            "DBInstanceIdentifier": "t1cuat",
            "SnapshotCreateTime": "2018-09-18T14:39:10.230Z",
            "Engine": "postgres",
            "AllocatedStorage": 10,
            "Status": "available",
            "Port": 5432,
            "AvailabilityZone": "ap-southeast-1a",
            "VpcId": "vpc-1d05a279",
            "InstanceCreateTime": "2017-07-26T06:43:39.578Z",
            "MasterUsername": "t1cuat",
            "EngineVersion": "9.6.6",
            "LicenseModel": "postgresql-license",
            "SnapshotType": "automated",
            "OptionGroupName": "default:postgres-9-6",
            "PercentProgress": 100,
            "StorageType": "gp2",
            "Encrypted": false,
            "DBSnapshotArn": "arn:aws:rds:ap-southeast-1:841787149052:snapshot:rds:t1cuat-2018-09-18-14-39",
            "IAMDatabaseAuthenticationEnabled": false,
            "ProcessorFeatures": []
        },
        {
            "DBSnapshotIdentifier": "rds:t1cuat-2018-09-19-14-39",
            "DBInstanceIdentifier": "t1cuat",
            "SnapshotCreateTime": "2018-09-19T14:39:26.874Z",
            "Engine": "postgres",
            "AllocatedStorage": 10,
            "Status": "available",
            "Port": 5432,
            "AvailabilityZone": "ap-southeast-1a",
            "VpcId": "vpc-1d05a279",
            "InstanceCreateTime": "2017-07-26T06:43:39.578Z",
            "MasterUsername": "t1cuat",
            "EngineVersion": "9.6.6",
            "LicenseModel": "postgresql-license",
            "SnapshotType": "automated",
            "OptionGroupName": "default:postgres-9-6",
            "PercentProgress": 100,
            "StorageType": "gp2",
            "Encrypted": false,
            "DBSnapshotArn": "arn:aws:rds:ap-southeast-1:841787149052:snapshot:rds:t1cuat-2018-09-19-14-39",
            "IAMDatabaseAuthenticationEnabled": false,
            "ProcessorFeatures": []
        },
        {
            "DBSnapshotIdentifier": "rds:t1cuat-2018-09-20-14-39",
            "DBInstanceIdentifier": "t1cuat",
            "SnapshotCreateTime": "2018-09-20T14:39:13.173Z",
            "Engine": "postgres",
            "AllocatedStorage": 10,
            "Status": "available",
            "Port": 5432,
            "AvailabilityZone": "ap-southeast-1a",
            "VpcId": "vpc-1d05a279",
            "InstanceCreateTime": "2017-07-26T06:43:39.578Z",
            "MasterUsername": "t1cuat",
            "EngineVersion": "9.6.6",
            "LicenseModel": "postgresql-license",
            "SnapshotType": "automated",
            "OptionGroupName": "default:postgres-9-6",
            "PercentProgress": 100,
            "StorageType": "gp2",
            "Encrypted": false,
            "DBSnapshotArn": "arn:aws:rds:ap-southeast-1:841787149052:snapshot:rds:t1cuat-2018-09-20-14-39",
            "IAMDatabaseAuthenticationEnabled": false,
            "ProcessorFeatures": []
        },
        {
            "DBSnapshotIdentifier": "rds:t1cuat-2018-09-21-14-39",
            "DBInstanceIdentifier": "t1cuat",
            "SnapshotCreateTime": "2018-09-21T14:39:36.905Z",
            "Engine": "postgres",
            "AllocatedStorage": 10,
            "Status": "available",
            "Port": 5432,
            "AvailabilityZone": "ap-southeast-1a",
            "VpcId": "vpc-1d05a279",
            "InstanceCreateTime": "2017-07-26T06:43:39.578Z",
            "MasterUsername": "t1cuat",
            "EngineVersion": "9.6.6",
            "LicenseModel": "postgresql-license",
            "SnapshotType": "automated",
            "OptionGroupName": "default:postgres-9-6",
            "PercentProgress": 100,
            "StorageType": "gp2",
            "Encrypted": false,
            "DBSnapshotArn": "arn:aws:rds:ap-southeast-1:841787149052:snapshot:rds:t1cuat-2018-09-21-14-39",
            "IAMDatabaseAuthenticationEnabled": false,
            "ProcessorFeatures": []
        },
        {
            "DBSnapshotIdentifier": "rds:t1cuat-2018-09-22-14-39",
            "DBInstanceIdentifier": "t1cuat",
            "SnapshotCreateTime": "2018-09-22T14:39:35.698Z",
            "Engine": "postgres",
            "AllocatedStorage": 10,
            "Status": "available",
            "Port": 5432,
            "AvailabilityZone": "ap-southeast-1a",
            "VpcId": "vpc-1d05a279",
            "InstanceCreateTime": "2017-07-26T06:43:39.578Z",
            "MasterUsername": "t1cuat",
            "EngineVersion": "9.6.6",
            "LicenseModel": "postgresql-license",
            "SnapshotType": "automated",
            "OptionGroupName": "default:postgres-9-6",
            "PercentProgress": 100,
            "StorageType": "gp2",
            "Encrypted": false,
            "DBSnapshotArn": "arn:aws:rds:ap-southeast-1:841787149052:snapshot:rds:t1cuat-2018-09-22-14-39",
            "IAMDatabaseAuthenticationEnabled": false,
            "ProcessorFeatures": []
        },
        {
            "DBSnapshotIdentifier": "rds:t1cuat-2018-09-23-14-39",
            "DBInstanceIdentifier": "t1cuat",
            "SnapshotCreateTime": "2018-09-23T14:39:31.504Z",
            "Engine": "postgres",
            "AllocatedStorage": 10,
            "Status": "available",
            "Port": 5432,
            "AvailabilityZone": "ap-southeast-1a",
            "VpcId": "vpc-1d05a279",
            "InstanceCreateTime": "2017-07-26T06:43:39.578Z",
            "MasterUsername": "t1cuat",
            "EngineVersion": "9.6.6",
            "LicenseModel": "postgresql-license",
            "SnapshotType": "automated",
            "OptionGroupName": "default:postgres-9-6",
            "PercentProgress": 100,
            "StorageType": "gp2",
            "Encrypted": false,
            "DBSnapshotArn": "arn:aws:rds:ap-southeast-1:841787149052:snapshot:rds:t1cuat-2018-09-23-14-39",
            "IAMDatabaseAuthenticationEnabled": false,
            "ProcessorFeatures": []
        },
        {
            "DBSnapshotIdentifier": "rds:t1cuat-2018-09-24-14-39",
            "DBInstanceIdentifier": "t1cuat",
            "SnapshotCreateTime": "2018-09-24T14:39:12.430Z",
            "Engine": "postgres",
            "AllocatedStorage": 10,
            "Status": "available",
            "Port": 5432,
            "AvailabilityZone": "ap-southeast-1a",
            "VpcId": "vpc-1d05a279",
            "InstanceCreateTime": "2017-07-26T06:43:39.578Z",
            "MasterUsername": "t1cuat",
            "EngineVersion": "9.6.6",
            "LicenseModel": "postgresql-license",
            "SnapshotType": "automated",
            "OptionGroupName": "default:postgres-9-6",
            "PercentProgress": 100,
            "StorageType": "gp2",
            "Encrypted": false,
            "DBSnapshotArn": "arn:aws:rds:ap-southeast-1:841787149052:snapshot:rds:t1cuat-2018-09-24-14-39",
            "IAMDatabaseAuthenticationEnabled": false,
            "ProcessorFeatures": []
        },
        {
            "DBSnapshotIdentifier": "rds:t1cuat-2018-09-25-14-39",
            "DBInstanceIdentifier": "t1cuat",
            "SnapshotCreateTime": "2018-09-25T14:39:21.924Z",
            "Engine": "postgres",
            "AllocatedStorage": 10,
            "Status": "available",
            "Port": 5432,
            "AvailabilityZone": "ap-southeast-1a",
            "VpcId": "vpc-1d05a279",
            "InstanceCreateTime": "2017-07-26T06:43:39.578Z",
            "MasterUsername": "t1cuat",
            "EngineVersion": "9.6.6",
            "LicenseModel": "postgresql-license",
            "SnapshotType": "automated",
            "OptionGroupName": "default:postgres-9-6",
            "PercentProgress": 100,
            "StorageType": "gp2",
            "Encrypted": false,
            "DBSnapshotArn": "arn:aws:rds:ap-southeast-1:841787149052:snapshot:rds:t1cuat-2018-09-25-14-39",
            "IAMDatabaseAuthenticationEnabled": false,
            "ProcessorFeatures": []
        },
        {
            "DBSnapshotIdentifier": "rds:tops-magento-staging-2018-09-24-21-28",
            "DBInstanceIdentifier": "tops-magento-staging",
            "SnapshotCreateTime": "2018-09-24T21:28:31.847Z",
            "Engine": "mysql",
            "AllocatedStorage": 200,
            "Status": "available",
            "Port": 3306,
            "AvailabilityZone": "ap-southeast-1a",
            "VpcId": "vpc-e05fd187",
            "InstanceCreateTime": "2018-03-23T10:40:15.192Z",
            "MasterUsername": "admin",
            "EngineVersion": "5.7.21",
            "LicenseModel": "general-public-license",
            "SnapshotType": "automated",
            "OptionGroupName": "default:mysql-5-7",
            "PercentProgress": 100,
            "StorageType": "gp2",
            "Encrypted": false,
            "DBSnapshotArn": "arn:aws:rds:ap-southeast-1:841787149052:snapshot:rds:tops-magento-staging-2018-09-24-21-28",
            "IAMDatabaseAuthenticationEnabled": false,
            "ProcessorFeatures": []
        },
        {
            "DBSnapshotIdentifier": "rds:tops-magento-staging-2018-09-25-21-28",
            "DBInstanceIdentifier": "tops-magento-staging",
            "SnapshotCreateTime": "2018-09-25T21:28:40.884Z",
            "Engine": "mysql",
            "AllocatedStorage": 200,
            "Status": "available",
            "Port": 3306,
            "AvailabilityZone": "ap-southeast-1a",
            "VpcId": "vpc-e05fd187",
            "InstanceCreateTime": "2018-03-23T10:40:15.192Z",
            "MasterUsername": "admin",
            "EngineVersion": "5.7.21",
            "LicenseModel": "general-public-license",
            "SnapshotType": "automated",
            "OptionGroupName": "default:mysql-5-7",
            "PercentProgress": 100,
            "StorageType": "gp2",
            "Encrypted": false,
            "DBSnapshotArn": "arn:aws:rds:ap-southeast-1:841787149052:snapshot:rds:tops-magento-staging-2018-09-25-21-28",
            "IAMDatabaseAuthenticationEnabled": false,
            "ProcessorFeatures": []
        },
        {
            "DBSnapshotIdentifier": "recovery-final-snapshot",
            "DBInstanceIdentifier": "recovery",
            "SnapshotCreateTime": "2018-01-11T15:53:42.728Z",
            "Engine": "mariadb",
            "AllocatedStorage": 100,
            "Status": "available",
            "Port": 3306,
            "AvailabilityZone": "ap-southeast-1a",
            "VpcId": "vpc-7c91d218",
            "InstanceCreateTime": "2017-12-18T08:43:33.530Z",
            "MasterUsername": "admin",
            "EngineVersion": "10.1.23",
            "LicenseModel": "general-public-license",
            "SnapshotType": "manual",
            "OptionGroupName": "default:mariadb-10-1",
            "PercentProgress": 100,
            "StorageType": "gp2",
            "Encrypted": true,
            "KmsKeyId": "arn:aws:kms:ap-southeast-1:841787149052:key/e4c7abe1-88bd-42d4-a705-4ff41740fe31",
            "DBSnapshotArn": "arn:aws:rds:ap-southeast-1:841787149052:snapshot:recovery-final-snapshot",
            "IAMDatabaseAuthenticationEnabled": false,
            "ProcessorFeatures": []
        },
        {
            "DBSnapshotIdentifier": "t1c-backup-16012018",
            "DBInstanceIdentifier": "t1c",
            "SnapshotCreateTime": "2018-01-16T15:03:53.229Z",
            "Engine": "postgres",
            "AllocatedStorage": 100,
            "Status": "available",
            "Port": 5432,
            "AvailabilityZone": "ap-southeast-1b",
            "VpcId": "vpc-1d05a279",
            "InstanceCreateTime": "2017-07-12T10:48:12.246Z",
            "MasterUsername": "t1c",
            "EngineVersion": "9.6.3",
            "LicenseModel": "postgresql-license",
            "SnapshotType": "manual",
            "OptionGroupName": "default:postgres-9-6",
            "PercentProgress": 100,
            "StorageType": "gp2",
            "Encrypted": false,
            "DBSnapshotArn": "arn:aws:rds:ap-southeast-1:841787149052:snapshot:t1c-backup-16012018",
            "IAMDatabaseAuthenticationEnabled": false,
            "ProcessorFeatures": []
        },
        {
            "DBSnapshotIdentifier": "test-t1c",
            "DBInstanceIdentifier": "t1c",
            "SnapshotCreateTime": "2018-01-16T13:56:01.965Z",
            "Engine": "postgres",
            "AllocatedStorage": 100,
            "Status": "available",
            "Port": 5432,
            "AvailabilityZone": "ap-southeast-1b",
            "VpcId": "vpc-1d05a279",
            "InstanceCreateTime": "2017-07-12T10:48:12.246Z",
            "MasterUsername": "t1c",
            "EngineVersion": "9.6.3",
            "LicenseModel": "postgresql-license",
            "SnapshotType": "manual",
            "OptionGroupName": "default:postgres-9-6",
            "PercentProgress": 100,
            "StorageType": "gp2",
            "Encrypted": false,
            "DBSnapshotArn": "arn:aws:rds:ap-southeast-1:841787149052:snapshot:test-t1c",
            "IAMDatabaseAuthenticationEnabled": false,
            "ProcessorFeatures": []
        },
        {
            "DBSnapshotIdentifier": "tops-magento-prod-snap-before-destroy",
            "DBInstanceIdentifier": "tops-magento-prod",
            "SnapshotCreateTime": "2018-07-05T08:49:55.305Z",
            "Engine": "mysql",
            "AllocatedStorage": 100,
            "Status": "available",
            "Port": 3306,
            "AvailabilityZone": "ap-southeast-1b",
            "VpcId": "vpc-f0930b97",
            "InstanceCreateTime": "2018-04-17T13:05:25.624Z",
            "MasterUsername": "admin",
            "EngineVersion": "5.7.19",
            "LicenseModel": "general-public-license",
            "SnapshotType": "manual",
            "OptionGroupName": "default:mysql-5-7",
            "PercentProgress": 100,
            "StorageType": "gp2",
            "Encrypted": false,
            "DBSnapshotArn": "arn:aws:rds:ap-southeast-1:841787149052:snapshot:tops-magento-prod-snap-before-destroy",
            "IAMDatabaseAuthenticationEnabled": false,
            "ProcessorFeatures": []
        },
        {
            "DBSnapshotIdentifier": "tops-magento-staging-20180814-0817",
            "DBInstanceIdentifier": "tops-magento-staging",
            "SnapshotCreateTime": "2018-08-14T08:18:09.761Z",
            "Engine": "mysql",
            "AllocatedStorage": 200,
            "Status": "available",
            "Port": 3306,
            "AvailabilityZone": "ap-southeast-1a",
            "VpcId": "vpc-e05fd187",
            "InstanceCreateTime": "2018-03-23T10:40:15.192Z",
            "MasterUsername": "admin",
            "EngineVersion": "5.7.21",
            "LicenseModel": "general-public-license",
            "SnapshotType": "manual",
            "OptionGroupName": "default:mysql-5-7",
            "PercentProgress": 100,
            "StorageType": "gp2",
            "Encrypted": false,
            "DBSnapshotArn": "arn:aws:rds:ap-southeast-1:841787149052:snapshot:tops-magento-staging-20180814-0817",
            "IAMDatabaseAuthenticationEnabled": false,
            "ProcessorFeatures": []
        }
    ]
}
