{
    "ReplicationInstances": [
        {
            "ReplicationInstanceIdentifier": "rep-powerbuydb",
            "ReplicationInstanceClass": "dms.t2.medium",
            "ReplicationInstanceStatus": "available",
            "AllocatedStorage": 50,
            "InstanceCreateTime": 1505038181.519,
            "VpcSecurityGroups": [
                {
                    "VpcSecurityGroupId": "sg-16591271",
                    "Status": "active"
                }
            ],
            "AvailabilityZone": "ap-southeast-1a",
            "ReplicationSubnetGroup": {
                "ReplicationSubnetGroupIdentifier": "default-vpc-1d05a279",
                "ReplicationSubnetGroupDescription": "default group created by console for vpc id vpc-1d05a279",
                "VpcId": "vpc-1d05a279",
                "SubnetGroupStatus": "Complete",
                "Subnets": [
                    {
                        "SubnetIdentifier": "subnet-6b9dd10f",
                        "SubnetAvailabilityZone": {
                            "Name": "ap-southeast-1b"
                        },
                        "SubnetStatus": "Active"
                    },
                    {
                        "SubnetIdentifier": "subnet-bf2b5ac9",
                        "SubnetAvailabilityZone": {
                            "Name": "ap-southeast-1a"
                        },
                        "SubnetStatus": "Active"
                    },
                    {
                        "SubnetIdentifier": "subnet-009bd964",
                        "SubnetAvailabilityZone": {
                            "Name": "ap-southeast-1b"
                        },
                        "SubnetStatus": "Active"
                    },
                    {
                        "SubnetIdentifier": "subnet-c54e1ca1",
                        "SubnetAvailabilityZone": {
                            "Name": "ap-southeast-1b"
                        },
                        "SubnetStatus": "Active"
                    },
                    {
                        "SubnetIdentifier": "subnet-7a8cd00c",
                        "SubnetAvailabilityZone": {
                            "Name": "ap-southeast-1a"
                        },
                        "SubnetStatus": "Active"
                    },
                    {
                        "SubnetIdentifier": "subnet-73c1ea17",
                        "SubnetAvailabilityZone": {
                            "Name": "ap-southeast-1b"
                        },
                        "SubnetStatus": "Active"
                    },
                    {
                        "SubnetIdentifier": "subnet-66cfbf10",
                        "SubnetAvailabilityZone": {
                            "Name": "ap-southeast-1a"
                        },
                        "SubnetStatus": "Active"
                    },
                    {
                        "SubnetIdentifier": "subnet-b69c8bd2",
                        "SubnetAvailabilityZone": {
                            "Name": "ap-southeast-1b"
                        },
                        "SubnetStatus": "Active"
                    },
                    {
                        "SubnetIdentifier": "subnet-3ba29a4d",
                        "SubnetAvailabilityZone": {
                            "Name": "ap-southeast-1a"
                        },
                        "SubnetStatus": "Active"
                    },
                    {
                        "SubnetIdentifier": "subnet-3c23654a",
                        "SubnetAvailabilityZone": {
                            "Name": "ap-southeast-1a"
                        },
                        "SubnetStatus": "Active"
                    }
                ]
            },
            "PreferredMaintenanceWindow": "thu:02:09-thu:02:39",
            "PendingModifiedValues": {},
            "MultiAZ": false,
            "EngineVersion": "2.4.2",
            "AutoMinorVersionUpgrade": false,
            "KmsKeyId": "arn:aws:kms:ap-southeast-1:841787149052:key/9487fb44-9369-419e-9335-6de92a1f7586",
            "ReplicationInstanceArn": "arn:aws:dms:ap-southeast-1:841787149052:rep:ELQXY7JAJOSISAUQUS6QPINBYI",
            "ReplicationInstancePublicIpAddress": "13.229.39.103",
            "ReplicationInstancePrivateIpAddress": "10.0.10.20",
            "ReplicationInstancePublicIpAddresses": [
                "13.229.39.103"
            ],
            "ReplicationInstancePrivateIpAddresses": [
                "10.0.10.20"
            ],
            "PubliclyAccessible": true
        }
    ]
}
