{
    "Addresses": [
        {
            "InstanceId": "i-02e6e4de9eb4e0985",
            "PublicIp": "13.228.101.187",
            "AllocationId": "eipalloc-d2cfc3b7",
            "AssociationId": "eipassoc-c7b747a1",
            "Domain": "vpc",
            "NetworkInterfaceId": "eni-ea1c1ea7",
            "NetworkInterfaceOwnerId": "841787149052",
            "PrivateIpAddress": "10.86.2.26"
        },
        {
            "PublicIp": "13.228.116.179",
            "AllocationId": "eipalloc-028a310bcf21b14e6",
            "AssociationId": "eipassoc-795855a2",
            "Domain": "vpc",
            "NetworkInterfaceId": "eni-0fce48f679ba4f163",
            "NetworkInterfaceOwnerId": "841787149052",
            "PrivateIpAddress": "172.20.10.82",
            "Tags": [
                {
                    "Key": "Name",
                    "Value": "ap-southeast-1c.k8s-guard.central.tech"
                },
                {
                    "Key": "kubernetes.io/cluster/k8s-guard.central.tech",
                    "Value": "owned"
                },
                {
                    "Key": "KubernetesCluster",
                    "Value": "k8s-guard.central.tech"
                }
            ]
        },
        {
            "PublicIp": "13.228.145.243",
            "AllocationId": "eipalloc-9f4f5ea5",
            "AssociationId": "eipassoc-a4b66e69",
            "Domain": "vpc",
            "NetworkInterfaceId": "eni-0bdfce21",
            "NetworkInterfaceOwnerId": "841787149052",
            "PrivateIpAddress": "10.4.12.222",
            "Tags": [
                {
                    "Key": "Project",
                    "Value": "Magento"
                },
                {
                    "Key": "BusinessUnit",
                    "Value": "PWB"
                },
                {
                    "Key": "Environment",
                    "Value": "UAT"
                },
                {
                    "Key": "bill",
                    "Value": "pwb"
                }
            ]
        },
        {
            "PublicIp": "13.228.161.109",
            "AllocationId": "eipalloc-47161622",
            "AssociationId": "eipassoc-e5ef1b83",
            "Domain": "vpc",
            "NetworkInterfaceId": "eni-3a727777",
            "NetworkInterfaceOwnerId": "841787149052",
            "PrivateIpAddress": "10.17.223.49"
        },
        {
            "PublicIp": "13.228.161.118",
            "AllocationId": "eipalloc-26181843",
            "AssociationId": "eipassoc-166e8270",
            "Domain": "vpc",
            "NetworkInterfaceId": "eni-c3face8e",
            "NetworkInterfaceOwnerId": "841787149052",
            "PrivateIpAddress": "10.17.223.143"
        },
        {
            "InstanceId": "i-01ccd945f6cdc1fc8",
            "PublicIp": "13.228.165.169",
            "AllocationId": "eipalloc-c0a0a0a5",
            "AssociationId": "eipassoc-e15bb787",
            "Domain": "vpc",
            "NetworkInterfaceId": "eni-3999ad74",
            "NetworkInterfaceOwnerId": "841787149052",
            "PrivateIpAddress": "10.86.1.14"
        },
        {
            "InstanceId": "i-0d7e46cc195284cd8",
            "PublicIp": "13.228.171.97",
            "AllocationId": "eipalloc-ef7debd5",
            "AssociationId": "eipassoc-16b2202c",
            "Domain": "vpc",
            "NetworkInterfaceId": "eni-12346854",
            "NetworkInterfaceOwnerId": "841787149052",
            "PrivateIpAddress": "10.86.2.72"
        },
        {
            "PublicIp": "13.228.180.189",
            "AllocationId": "eipalloc-6faef655",
            "AssociationId": "eipassoc-b9927e45",
            "Domain": "vpc",
            "NetworkInterfaceId": "eni-d905c181",
            "NetworkInterfaceOwnerId": "841787149052",
            "PrivateIpAddress": "10.4.5.48",
            "Tags": [
                {
                    "Key": "Environment",
                    "Value": "Development"
                },
                {
                    "Key": "BusinessUnit",
                    "Value": "PWB"
                },
                {
                    "Key": "bill",
                    "Value": "pwb"
                },
                {
                    "Key": "Project",
                    "Value": "Magento"
                }
            ]
        },
        {
            "InstanceId": "i-0b86f58d94492a86a",
            "PublicIp": "13.228.202.20",
            "AllocationId": "eipalloc-3722bc0d",
            "AssociationId": "eipassoc-f6b48ccc",
            "Domain": "vpc",
            "NetworkInterfaceId": "eni-a355c4fa",
            "NetworkInterfaceOwnerId": "841787149052",
            "PrivateIpAddress": "10.86.0.110"
        },
        {
            "InstanceId": "i-0df384b61b6aaaae2",
            "PublicIp": "13.228.207.36",
            "AllocationId": "eipalloc-22091b47",
            "AssociationId": "eipassoc-9b61c7fd",
            "Domain": "vpc",
            "NetworkInterfaceId": "eni-e84ae7a4",
            "NetworkInterfaceOwnerId": "841787149052",
            "PrivateIpAddress": "10.0.12.6"
        },
        {
            "PublicIp": "13.228.238.205",
            "AllocationId": "eipalloc-0a537b23637b38519",
            "Domain": "vpc",
            "Tags": [
                {
                    "Key": "KubernetesCluster",
                    "Value": "k8s-guard.central.tech"
                },
                {
                    "Key": "Name",
                    "Value": "ap-southeast-1b.k8s-guard.central.tech"
                },
                {
                    "Key": "kubernetes.io/cluster/k8s-guard.central.tech",
                    "Value": "owned"
                }
            ]
        },
        {
            "PublicIp": "13.229.170.108",
            "AllocationId": "eipalloc-89022eb3",
            "AssociationId": "eipassoc-082b30c2",
            "Domain": "vpc",
            "NetworkInterfaceId": "eni-139c4b39",
            "NetworkInterfaceOwnerId": "841787149052",
            "PrivateIpAddress": "10.4.8.65",
            "Tags": [
                {
                    "Key": "bill",
                    "Value": "pwb"
                },
                {
                    "Key": "Project",
                    "Value": "Magento"
                },
                {
                    "Key": "BusinessUnit",
                    "Value": "PWB"
                },
                {
                    "Key": "Environment",
                    "Value": "Production"
                }
            ]
        },
        {
            "PublicIp": "13.250.130.22",
            "AllocationId": "eipalloc-b4e50189",
            "Domain": "vpc"
        },
        {
            "PublicIp": "13.250.157.125",
            "AllocationId": "eipalloc-c2adf5f8",
            "AssociationId": "eipassoc-9b514451",
            "Domain": "vpc",
            "NetworkInterfaceId": "eni-d741a4fd",
            "NetworkInterfaceOwnerId": "841787149052",
            "PrivateIpAddress": "10.4.4.24",
            "Tags": [
                {
                    "Key": "bill",
                    "Value": "pwb"
                },
                {
                    "Key": "BusinessUnit",
                    "Value": "PWB"
                },
                {
                    "Key": "Environment",
                    "Value": "Development"
                },
                {
                    "Key": "Project",
                    "Value": "Magento"
                }
            ]
        },
        {
            "PublicIp": "13.250.168.160",
            "AllocationId": "eipalloc-c0193ffa",
            "AssociationId": "eipassoc-b92c3f73",
            "Domain": "vpc",
            "NetworkInterfaceId": "eni-964bbbbc",
            "NetworkInterfaceOwnerId": "841787149052",
            "PrivateIpAddress": "10.4.0.169",
            "Tags": [
                {
                    "Key": "bill",
                    "Value": "pwb"
                }
            ]
        },
        {
            "PublicIp": "13.250.169.174",
            "AllocationId": "eipalloc-cc1d31f6",
            "AssociationId": "eipassoc-7e33cf82",
            "Domain": "vpc",
            "NetworkInterfaceId": "eni-ed6bdcb5",
            "NetworkInterfaceOwnerId": "841787149052",
            "PrivateIpAddress": "10.4.9.26",
            "Tags": [
                {
                    "Key": "Project",
                    "Value": "Magento"
                },
                {
                    "Key": "Environment",
                    "Value": "Production"
                },
                {
                    "Key": "bill",
                    "Value": "pwb"
                },
                {
                    "Key": "BusinessUnit",
                    "Value": "PWB"
                }
            ]
        },
        {
            "PublicIp": "13.250.223.134",
            "AllocationId": "eipalloc-d11224eb",
            "AssociationId": "eipassoc-6cf51da1",
            "Domain": "vpc",
            "NetworkInterfaceId": "eni-9f942cb5",
            "NetworkInterfaceOwnerId": "841787149052",
            "PrivateIpAddress": "10.4.20.199",
            "Tags": [
                {
                    "Key": "bill",
                    "Value": "tops"
                }
            ]
        },
        {
            "PublicIp": "13.250.245.56",
            "AllocationId": "eipalloc-5710266d",
            "AssociationId": "eipassoc-638f409f",
            "Domain": "vpc",
            "NetworkInterfaceId": "eni-b63458ee",
            "NetworkInterfaceOwnerId": "841787149052",
            "PrivateIpAddress": "10.4.21.101",
            "Tags": [
                {
                    "Key": "bill",
                    "Value": "tops"
                }
            ]
        },
        {
            "PublicIp": "13.250.246.103",
            "AllocationId": "eipalloc-4f092175",
            "AssociationId": "eipassoc-6e20e592",
            "Domain": "vpc",
            "NetworkInterfaceId": "eni-27f27f7f",
            "NetworkInterfaceOwnerId": "841787149052",
            "PrivateIpAddress": "10.4.17.160",
            "Tags": [
                {
                    "Key": "bill",
                    "Value": "tops"
                }
            ]
        },
        {
            "PublicIp": "13.251.171.180",
            "AllocationId": "eipalloc-0a90b3f96840b9bfa",
            "Domain": "vpc",
            "Tags": [
                {
                    "Key": "kubernetes.io/cluster/k8s-guard.central.tech",
                    "Value": "owned"
                },
                {
                    "Key": "KubernetesCluster",
                    "Value": "k8s-guard.central.tech"
                },
                {
                    "Key": "Name",
                    "Value": "ap-southeast-1c.k8s-guard.central.tech"
                }
            ]
        },
        {
            "PublicIp": "13.251.191.226",
            "AllocationId": "eipalloc-05943be9b3102735f",
            "Domain": "vpc",
            "Tags": [
                {
                    "Key": "kubernetes.io/cluster/k8s-guard.central.tech",
                    "Value": "owned"
                },
                {
                    "Key": "KubernetesCluster",
                    "Value": "k8s-guard.central.tech"
                },
                {
                    "Key": "Name",
                    "Value": "ap-southeast-1a.k8s-guard.central.tech"
                }
            ]
        },
        {
            "InstanceId": "i-04512aab540cddf1a",
            "PublicIp": "13.251.21.232",
            "AllocationId": "eipalloc-62b99358",
            "AssociationId": "eipassoc-ad927f60",
            "Domain": "vpc",
            "NetworkInterfaceId": "eni-7134ec5b",
            "NetworkInterfaceOwnerId": "841787149052",
            "PrivateIpAddress": "10.86.0.72"
        },
        {
            "PublicIp": "13.251.3.170",
            "AllocationId": "eipalloc-030461de1bd41093c",
            "AssociationId": "eipassoc-1dcb46e1",
            "Domain": "vpc",
            "NetworkInterfaceId": "eni-09d1474edd3c7926b",
            "NetworkInterfaceOwnerId": "841787149052",
            "PrivateIpAddress": "172.20.4.157",
            "Tags": [
                {
                    "Key": "kubernetes.io/cluster/k8s-guard.central.tech",
                    "Value": "owned"
                },
                {
                    "Key": "Name",
                    "Value": "ap-southeast-1b.k8s-guard.central.tech"
                },
                {
                    "Key": "KubernetesCluster",
                    "Value": "k8s-guard.central.tech"
                }
            ]
        },
        {
            "InstanceId": "i-056c9f8a22a8907b5",
            "PublicIp": "13.251.41.126",
            "AllocationId": "eipalloc-86dad5bc",
            "AssociationId": "eipassoc-a9835e64",
            "Domain": "vpc",
            "NetworkInterfaceId": "eni-0a5c6720",
            "NetworkInterfaceOwnerId": "841787149052",
            "PrivateIpAddress": "10.4.8.251",
            "Tags": [
                {
                    "Key": "Project",
                    "Value": "Magento"
                },
                {
                    "Key": "Environment",
                    "Value": "Production"
                },
                {
                    "Key": "Name",
                    "Value": "pwb-magento-redirector-prod"
                },
                {
                    "Key": "BusinessUnit",
                    "Value": "PWB"
                }
            ]
        },
        {
            "PublicIp": "13.251.48.98",
            "AllocationId": "eipalloc-c5182aff",
            "AssociationId": "eipassoc-96af595b",
            "Domain": "vpc",
            "NetworkInterfaceId": "eni-1025af3a",
            "NetworkInterfaceOwnerId": "841787149052",
            "PrivateIpAddress": "172.19.0.105",
            "Tags": [
                {
                    "Key": "Project",
                    "Value": "Magento"
                },
                {
                    "Key": "BusinessUnit",
                    "Value": "PWB"
                },
                {
                    "Key": "Name",
                    "Value": "pwb-dev-ceph-storage-ap-southeast-1a"
                },
                {
                    "Key": "bill",
                    "Value": "pwb"
                },
                {
                    "Key": "Terraform",
                    "Value": "1"
                },
                {
                    "Key": "Environment",
                    "Value": "Development"
                }
            ]
        },
        {
            "PublicIp": "13.251.98.148",
            "AllocationId": "eipalloc-d67061ec",
            "AssociationId": "eipassoc-3c4ff7c0",
            "Domain": "vpc",
            "NetworkInterfaceId": "eni-e0419cbb",
            "NetworkInterfaceOwnerId": "841787149052",
            "PrivateIpAddress": "10.4.13.109",
            "Tags": [
                {
                    "Key": "bill",
                    "Value": "pwb"
                },
                {
                    "Key": "Environment",
                    "Value": "UAT"
                },
                {
                    "Key": "BusinessUnit",
                    "Value": "PWB"
                },
                {
                    "Key": "Project",
                    "Value": "Magento"
                }
            ]
        },
        {
            "PublicIp": "18.136.142.236",
            "AllocationId": "eipalloc-01989bc66040d238f",
            "AssociationId": "eipassoc-b59b3878",
            "Domain": "vpc",
            "NetworkInterfaceId": "eni-0b4aee8d235fe762d",
            "NetworkInterfaceOwnerId": "841787149052",
            "PrivateIpAddress": "172.20.0.26",
            "Tags": [
                {
                    "Key": "KubernetesCluster",
                    "Value": "k8s-guard.central.tech"
                },
                {
                    "Key": "kubernetes.io/cluster/k8s-guard.central.tech",
                    "Value": "owned"
                },
                {
                    "Key": "Name",
                    "Value": "ap-southeast-1a.k8s-guard.central.tech"
                }
            ]
        },
        {
            "InstanceId": "i-0e5bda6f95f0a59e9",
            "PublicIp": "52.220.89.91",
            "AllocationId": "eipalloc-006a4865",
            "AssociationId": "eipassoc-b63d1fd1",
            "Domain": "vpc",
            "NetworkInterfaceId": "eni-5cfb4a11",
            "NetworkInterfaceOwnerId": "841787149052",
            "PrivateIpAddress": "10.0.12.74"
        },
        {
            "InstanceId": "i-0078320fc4bb41aa4",
            "PublicIp": "52.221.9.187",
            "AllocationId": "eipalloc-91a0def4",
            "AssociationId": "eipassoc-f221b295",
            "Domain": "vpc",
            "NetworkInterfaceId": "eni-25a4806f",
            "NetworkInterfaceOwnerId": "841787149052",
            "PrivateIpAddress": "10.0.10.11"
        },
        {
            "InstanceId": "i-0632da38b0e5f3045",
            "PublicIp": "52.74.136.56",
            "AllocationId": "eipalloc-9deaa7f8",
            "AssociationId": "eipassoc-9a3b19fd",
            "Domain": "vpc",
            "NetworkInterfaceId": "eni-252e9868",
            "NetworkInterfaceOwnerId": "841787149052",
            "PrivateIpAddress": "10.0.12.17"
        },
        {
            "InstanceId": "i-07f532eed12d77c8c",
            "PublicIp": "52.74.184.232",
            "AllocationId": "eipalloc-12871b77",
            "AssociationId": "eipassoc-24f5d743",
            "Domain": "vpc",
            "NetworkInterfaceId": "eni-75ac1d38",
            "NetworkInterfaceOwnerId": "841787149052",
            "PrivateIpAddress": "10.0.12.4"
        },
        {
            "PublicIp": "52.74.194.65",
            "AllocationId": "eipalloc-6de6c057",
            "AssociationId": "eipassoc-a319f35f",
            "Domain": "vpc",
            "NetworkInterfaceId": "eni-c7c3109f",
            "NetworkInterfaceOwnerId": "841787149052",
            "PrivateIpAddress": "10.4.1.35",
            "Tags": [
                {
                    "Key": "bill",
                    "Value": "pwb"
                }
            ]
        },
        {
            "InstanceId": "i-06d821ffaad58fd33",
            "PublicIp": "52.74.221.135",
            "AllocationId": "eipalloc-74c6544e",
            "AssociationId": "eipassoc-19e81624",
            "Domain": "vpc",
            "NetworkInterfaceId": "eni-3f393b66",
            "NetworkInterfaceOwnerId": "841787149052",
            "PrivateIpAddress": "10.86.0.114"
        },
        {
            "InstanceId": "i-0fde12aa78cdc24b9",
            "PublicIp": "52.74.249.11",
            "AllocationId": "eipalloc-c56547a0",
            "AssociationId": "eipassoc-89c0e2ee",
            "Domain": "vpc",
            "NetworkInterfaceId": "eni-858d3cc8",
            "NetworkInterfaceOwnerId": "841787149052",
            "PrivateIpAddress": "10.0.12.18"
        },
        {
            "InstanceId": "i-043340ff779d65123",
            "PublicIp": "52.76.142.203",
            "AllocationId": "eipalloc-56a4af6c",
            "AssociationId": "eipassoc-398e53f4",
            "Domain": "vpc",
            "NetworkInterfaceId": "eni-a16e558b",
            "NetworkInterfaceOwnerId": "841787149052",
            "PrivateIpAddress": "10.4.8.159"
        },
        {
            "PublicIp": "52.76.16.84",
            "AllocationId": "eipalloc-0a22a9041bbf67552",
            "Domain": "vpc",
            "Tags": [
                {
                    "Key": "kubernetes.io/cluster/k8s-guard.central.tech",
                    "Value": "owned"
                },
                {
                    "Key": "Name",
                    "Value": "ap-southeast-1c.k8s-guard.central.tech"
                },
                {
                    "Key": "KubernetesCluster",
                    "Value": "k8s-guard.central.tech"
                }
            ]
        },
        {
            "PublicIp": "52.76.36.90",
            "AllocationId": "eipalloc-044a4a6a480e1572b",
            "Domain": "vpc",
            "Tags": [
                {
                    "Key": "Name",
                    "Value": "ap-southeast-1b.k8s-guard.central.tech"
                },
                {
                    "Key": "KubernetesCluster",
                    "Value": "k8s-guard.central.tech"
                },
                {
                    "Key": "kubernetes.io/cluster/k8s-guard.central.tech",
                    "Value": "owned"
                }
            ]
        },
        {
            "PublicIp": "52.77.50.6",
            "AllocationId": "eipalloc-d88f1ce2",
            "AssociationId": "eipassoc-c77612fd",
            "Domain": "vpc",
            "NetworkInterfaceId": "eni-f8a6edd0",
            "NetworkInterfaceOwnerId": "841787149052",
            "PrivateIpAddress": "10.86.0.74"
        },
        {
            "PublicIp": "54.251.178.203",
            "AllocationId": "eipalloc-0301ac3b44bbd897b",
            "Domain": "vpc",
            "Tags": [
                {
                    "Key": "Name",
                    "Value": "ap-southeast-1a.k8s-guard.central.tech"
                },
                {
                    "Key": "kubernetes.io/cluster/k8s-guard.central.tech",
                    "Value": "owned"
                },
                {
                    "Key": "KubernetesCluster",
                    "Value": "k8s-guard.central.tech"
                }
            ]
        },
        {
            "PublicIp": "54.254.179.201",
            "AllocationId": "eipalloc-4a0a2270",
            "AssociationId": "eipassoc-6658beab",
            "Domain": "vpc",
            "NetworkInterfaceId": "eni-fe62c4d4",
            "NetworkInterfaceOwnerId": "841787149052",
            "PrivateIpAddress": "10.4.16.229",
            "Tags": [
                {
                    "Key": "bill",
                    "Value": "tops"
                }
            ]
        }
    ]
}
