{
    "LoadBalancerDescriptions": [
        {
            "LoadBalancerName": "UAT-PWB",
            "DNSName": "UAT-PWB-25577324.ap-southeast-1.elb.amazonaws.com",
            "CanonicalHostedZoneName": "UAT-PWB-25577324.ap-southeast-1.elb.amazonaws.com",
            "CanonicalHostedZoneNameID": "Z1LMS91P8CMLE5",
            "ListenerDescriptions": [
                {
                    "Listener": {
                        "Protocol": "HTTP",
                        "LoadBalancerPort": 80,
                        "InstanceProtocol": "HTTP",
                        "InstancePort": 80
                    },
                    "PolicyNames": []
                },
                {
                    "Listener": {
                        "Protocol": "HTTPS",
                        "LoadBalancerPort": 443,
                        "InstanceProtocol": "HTTP",
                        "InstancePort": 80,
                        "SSLCertificateId": "arn:aws:acm:ap-southeast-1:841787149052:certificate/ce465143-1349-487a-9b24-0183981c8ec4"
                    },
                    "PolicyNames": [
                        "AWSConsole-SSLNegotiationPolicy-UAT-PWB-1510733269514"
                    ]
                }
            ],
            "Policies": {
                "AppCookieStickinessPolicies": [],
                "LBCookieStickinessPolicies": [],
                "OtherPolicies": [
                    "ELBSecurityPolicy-2016-08",
                    "AWSConsole-SSLNegotiationPolicy-UAT-PWB-1510733269514"
                ]
            },
            "BackendServerDescriptions": [],
            "AvailabilityZones": [
                "ap-southeast-1a",
                "ap-southeast-1b"
            ],
            "Subnets": [
                "subnet-c666978f",
                "subnet-c8834eaf"
            ],
            "VPCId": "vpc-7c91d218",
            "Instances": [
                {
                    "InstanceId": "i-05c70f9045bc89903"
                }
            ],
            "HealthCheck": {
                "Target": "TCP:80",
                "Interval": 30,
                "Timeout": 5,
                "UnhealthyThreshold": 2,
                "HealthyThreshold": 10
            },
            "SourceSecurityGroup": {
                "OwnerAlias": "841787149052",
                "GroupName": "CDS-Default-Secure-Group"
            },
            "SecurityGroups": [
                "sg-cd252daa"
            ],
            "CreatedTime": "2017-11-15T08:07:48.170Z",
            "Scheme": "internet-facing"
        },
        {
            "LoadBalancerName": "sentry-ELB",
            "DNSName": "sentry-ELB-799677327.ap-southeast-1.elb.amazonaws.com",
            "CanonicalHostedZoneName": "sentry-ELB-799677327.ap-southeast-1.elb.amazonaws.com",
            "CanonicalHostedZoneNameID": "Z1LMS91P8CMLE5",
            "ListenerDescriptions": [
                {
                    "Listener": {
                        "Protocol": "HTTPS",
                        "LoadBalancerPort": 443,
                        "InstanceProtocol": "HTTP",
                        "InstancePort": 80,
                        "SSLCertificateId": "arn:aws:acm:ap-southeast-1:841787149052:certificate/ce465143-1349-487a-9b24-0183981c8ec4"
                    },
                    "PolicyNames": [
                        "ELBSecurityPolicy-2016-08"
                    ]
                },
                {
                    "Listener": {
                        "Protocol": "HTTP",
                        "LoadBalancerPort": 80,
                        "InstanceProtocol": "HTTP",
                        "InstancePort": 80
                    },
                    "PolicyNames": []
                }
            ],
            "Policies": {
                "AppCookieStickinessPolicies": [],
                "LBCookieStickinessPolicies": [],
                "OtherPolicies": [
                    "ELBSecurityPolicy-2016-08"
                ]
            },
            "BackendServerDescriptions": [],
            "AvailabilityZones": [
                "ap-southeast-1a",
                "ap-southeast-1b"
            ],
            "Subnets": [
                "subnet-c666978f",
                "subnet-c8834eaf"
            ],
            "VPCId": "vpc-7c91d218",
            "Instances": [
                {
                    "InstanceId": "i-06d821ffaad58fd33"
                }
            ],
            "HealthCheck": {
                "Target": "TCP:80",
                "Interval": 5,
                "Timeout": 2,
                "UnhealthyThreshold": 2,
                "HealthyThreshold": 2
            },
            "SourceSecurityGroup": {
                "OwnerAlias": "841787149052",
                "GroupName": "CDS-Default-Secure-Group"
            },
            "SecurityGroups": [
                "sg-cd252daa"
            ],
            "CreatedTime": "2018-01-11T17:07:09.470Z",
            "Scheme": "internet-facing"
        },
        {
            "LoadBalancerName": "api-k8s-guard-central-tec-5hbcmt",
            "DNSName": "api-k8s-guard-central-tec-5hbcmt-1422180247.ap-southeast-1.elb.amazonaws.com",
            "CanonicalHostedZoneName": "api-k8s-guard-central-tec-5hbcmt-1422180247.ap-southeast-1.elb.amazonaws.com",
            "CanonicalHostedZoneNameID": "Z1LMS91P8CMLE5",
            "ListenerDescriptions": [
                {
                    "Listener": {
                        "Protocol": "TCP",
                        "LoadBalancerPort": 443,
                        "InstanceProtocol": "TCP",
                        "InstancePort": 443
                    },
                    "PolicyNames": []
                }
            ],
            "Policies": {
                "AppCookieStickinessPolicies": [],
                "LBCookieStickinessPolicies": [],
                "OtherPolicies": []
            },
            "BackendServerDescriptions": [],
            "AvailabilityZones": [
                "ap-southeast-1a",
                "ap-southeast-1c",
                "ap-southeast-1b"
            ],
            "Subnets": [
                "subnet-020e7c5c49317a8d8",
                "subnet-0891f56cb0a53b981",
                "subnet-0ccd99a557292440f"
            ],
            "VPCId": "vpc-0fad5ae0febe3c4ce",
            "Instances": [
                {
                    "InstanceId": "i-0af2a9dd03d335731"
                },
                {
                    "InstanceId": "i-09e42d279743978f2"
                },
                {
                    "InstanceId": "i-087c4a383159bf53c"
                }
            ],
            "HealthCheck": {
                "Target": "SSL:443",
                "Interval": 10,
                "Timeout": 5,
                "UnhealthyThreshold": 2,
                "HealthyThreshold": 2
            },
            "SourceSecurityGroup": {
                "OwnerAlias": "841787149052",
                "GroupName": "api-elb.k8s-guard.central.tech"
            },
            "SecurityGroups": [
                "sg-02329543f99472eae"
            ],
            "CreatedTime": "2018-08-14T10:27:58.270Z",
            "Scheme": "internet-facing"
        },
        {
            "LoadBalancerName": "bastion-k8s-guard-central-6ed0p7",
            "DNSName": "bastion-k8s-guard-central-6ed0p7-1269967488.ap-southeast-1.elb.amazonaws.com",
            "CanonicalHostedZoneName": "bastion-k8s-guard-central-6ed0p7-1269967488.ap-southeast-1.elb.amazonaws.com",
            "CanonicalHostedZoneNameID": "Z1LMS91P8CMLE5",
            "ListenerDescriptions": [
                {
                    "Listener": {
                        "Protocol": "TCP",
                        "LoadBalancerPort": 22,
                        "InstanceProtocol": "TCP",
                        "InstancePort": 22
                    },
                    "PolicyNames": []
                }
            ],
            "Policies": {
                "AppCookieStickinessPolicies": [],
                "LBCookieStickinessPolicies": [],
                "OtherPolicies": []
            },
            "BackendServerDescriptions": [],
            "AvailabilityZones": [
                "ap-southeast-1a",
                "ap-southeast-1c",
                "ap-southeast-1b"
            ],
            "Subnets": [
                "subnet-020e7c5c49317a8d8",
                "subnet-0891f56cb0a53b981",
                "subnet-0ccd99a557292440f"
            ],
            "VPCId": "vpc-0fad5ae0febe3c4ce",
            "Instances": [
                {
                    "InstanceId": "i-0bff4476bd5218072"
                }
            ],
            "HealthCheck": {
                "Target": "TCP:22",
                "Interval": 10,
                "Timeout": 5,
                "UnhealthyThreshold": 2,
                "HealthyThreshold": 2
            },
            "SourceSecurityGroup": {
                "OwnerAlias": "841787149052",
                "GroupName": "bastion-elb.k8s-guard.central.tech"
            },
            "SecurityGroups": [
                "sg-07e957360b3e39d1d"
            ],
            "CreatedTime": "2018-08-14T10:27:58.300Z",
            "Scheme": "internet-facing"
        },
        {
            "LoadBalancerName": "awseb-e-3-AWSEBLoa-8HJ77AN17IBN",
            "DNSName": "internal-awseb-e-3-AWSEBLoa-8HJ77AN17IBN-1613099228.ap-southeast-1.elb.amazonaws.com",
            "CanonicalHostedZoneNameID": "Z1LMS91P8CMLE5",
            "ListenerDescriptions": [
                {
                    "Listener": {
                        "Protocol": "HTTP",
                        "LoadBalancerPort": 80,
                        "InstanceProtocol": "HTTP",
                        "InstancePort": 80
                    },
                    "PolicyNames": []
                }
            ],
            "Policies": {
                "AppCookieStickinessPolicies": [],
                "LBCookieStickinessPolicies": [],
                "OtherPolicies": []
            },
            "BackendServerDescriptions": [],
            "AvailabilityZones": [
                "ap-southeast-1a",
                "ap-southeast-1b"
            ],
            "Subnets": [
                "subnet-0b9ceb6c",
                "subnet-824f28cb"
            ],
            "VPCId": "vpc-95bd1ef2",
            "Instances": [
                {
                    "InstanceId": "i-012e048d5b969e96f"
                }
            ],
            "HealthCheck": {
                "Target": "HTTP:80/ping",
                "Interval": 10,
                "Timeout": 5,
                "UnhealthyThreshold": 5,
                "HealthyThreshold": 3
            },
            "SourceSecurityGroup": {
                "OwnerAlias": "841787149052",
                "GroupName": "awseb-e-36e8qjjkmj-stack-AWSEBLoadBalancerSecurityGroup-F7RPF3BAMQXS"
            },
            "SecurityGroups": [
                "sg-01b9cca750879567a"
            ],
            "CreatedTime": "2018-08-21T09:37:20.690Z",
            "Scheme": "internal"
        },
        {
            "LoadBalancerName": "awseb-e-y-AWSEBLoa-HUT72KCHW1CH",
            "DNSName": "internal-awseb-e-y-AWSEBLoa-HUT72KCHW1CH-1788234302.ap-southeast-1.elb.amazonaws.com",
            "CanonicalHostedZoneNameID": "Z1LMS91P8CMLE5",
            "ListenerDescriptions": [
                {
                    "Listener": {
                        "Protocol": "HTTP",
                        "LoadBalancerPort": 80,
                        "InstanceProtocol": "HTTP",
                        "InstancePort": 80
                    },
                    "PolicyNames": []
                }
            ],
            "Policies": {
                "AppCookieStickinessPolicies": [],
                "LBCookieStickinessPolicies": [],
                "OtherPolicies": []
            },
            "BackendServerDescriptions": [],
            "AvailabilityZones": [
                "ap-southeast-1a",
                "ap-southeast-1b"
            ],
            "Subnets": [
                "subnet-0b9ceb6c",
                "subnet-824f28cb"
            ],
            "VPCId": "vpc-95bd1ef2",
            "Instances": [],
            "HealthCheck": {
                "Target": "HTTP:80/ping",
                "Interval": 10,
                "Timeout": 5,
                "UnhealthyThreshold": 5,
                "HealthyThreshold": 3
            },
            "SourceSecurityGroup": {
                "OwnerAlias": "841787149052",
                "GroupName": "awseb-e-ykvdmyqzm9-stack-AWSEBLoadBalancerSecurityGroup-1KEJXANA9337Z"
            },
            "SecurityGroups": [
                "sg-07115bb8659ce1b50"
            ],
            "CreatedTime": "2018-08-21T15:01:19.730Z",
            "Scheme": "internal"
        },
        {
            "LoadBalancerName": "awseb-e-b-AWSEBLoa-2ISESBVT32NM",
            "DNSName": "internal-awseb-e-b-AWSEBLoa-2ISESBVT32NM-1841392398.ap-southeast-1.elb.amazonaws.com",
            "CanonicalHostedZoneNameID": "Z1LMS91P8CMLE5",
            "ListenerDescriptions": [
                {
                    "Listener": {
                        "Protocol": "HTTP",
                        "LoadBalancerPort": 80,
                        "InstanceProtocol": "HTTP",
                        "InstancePort": 80
                    },
                    "PolicyNames": []
                }
            ],
            "Policies": {
                "AppCookieStickinessPolicies": [],
                "LBCookieStickinessPolicies": [],
                "OtherPolicies": []
            },
            "BackendServerDescriptions": [],
            "AvailabilityZones": [
                "ap-southeast-1a",
                "ap-southeast-1b"
            ],
            "Subnets": [
                "subnet-00b7c249",
                "subnet-14c68373"
            ],
            "VPCId": "vpc-ae64d9c9",
            "Instances": [
                {
                    "InstanceId": "i-0eb8c9550bf2268f9"
                }
            ],
            "HealthCheck": {
                "Target": "HTTP:80/ping",
                "Interval": 10,
                "Timeout": 5,
                "UnhealthyThreshold": 5,
                "HealthyThreshold": 3
            },
            "SourceSecurityGroup": {
                "OwnerAlias": "841787149052",
                "GroupName": "awseb-e-b95dukj7py-stack-AWSEBLoadBalancerSecurityGroup-105XYX5V3532W"
            },
            "SecurityGroups": [
                "sg-0bc0e268c064728e6"
            ],
            "CreatedTime": "2018-08-27T15:08:56.120Z",
            "Scheme": "internal"
        }
    ]
}
