{
    "Keys": [
        {
            "KeyId": "090d2936-44eb-4a47-b84e-6e58bf864330",
            "KeyArn": "arn:aws:kms:ap-southeast-1:841787149052:key/090d2936-44eb-4a47-b84e-6e58bf864330"
        },
        {
            "KeyId": "27574b1d-7a22-4ea4-ab94-1864703e44b5",
            "KeyArn": "arn:aws:kms:ap-southeast-1:841787149052:key/27574b1d-7a22-4ea4-ab94-1864703e44b5"
        },
        {
            "KeyId": "342cac68-be83-4acb-8804-a1a7eab3a204",
            "KeyArn": "arn:aws:kms:ap-southeast-1:841787149052:key/342cac68-be83-4acb-8804-a1a7eab3a204"
        },
        {
            "KeyId": "7da6ca6a-6c0f-4e3d-a8ba-818ea622c502",
            "KeyArn": "arn:aws:kms:ap-southeast-1:841787149052:key/7da6ca6a-6c0f-4e3d-a8ba-818ea622c502"
        },
        {
            "KeyId": "8467c0c2-d102-4bfc-809f-d0d2936018fa",
            "KeyArn": "arn:aws:kms:ap-southeast-1:841787149052:key/8467c0c2-d102-4bfc-809f-d0d2936018fa"
        },
        {
            "KeyId": "9487fb44-9369-419e-9335-6de92a1f7586",
            "KeyArn": "arn:aws:kms:ap-southeast-1:841787149052:key/9487fb44-9369-419e-9335-6de92a1f7586"
        },
        {
            "KeyId": "d4bc6b8d-d1d8-4e36-bdaa-64cf4bd30135",
            "KeyArn": "arn:aws:kms:ap-southeast-1:841787149052:key/d4bc6b8d-d1d8-4e36-bdaa-64cf4bd30135"
        },
        {
            "KeyId": "e4c7abe1-88bd-42d4-a705-4ff41740fe31",
            "KeyArn": "arn:aws:kms:ap-southeast-1:841787149052:key/e4c7abe1-88bd-42d4-a705-4ff41740fe31"
        }
    ]
}
