{
    "Endpoints": [
        {
            "EndpointIdentifier": "pwb-rdsmssql",
            "EndpointType": "TARGET",
            "EngineName": "sqlserver",
            "EngineDisplayName": "Microsoft SQL Server",
            "Username": "cto",
            "ServerName": "pwbonline.ciztbw1tzzwf.ap-southeast-1.rds.amazonaws.com",
            "Port": 1433,
            "DatabaseName": "DBPWB",
            "Status": "active",
            "KmsKeyId": "arn:aws:kms:ap-southeast-1:841787149052:key/9487fb44-9369-419e-9335-6de92a1f7586",
            "EndpointArn": "arn:aws:dms:ap-southeast-1:841787149052:endpoint:HXAJGIFQ2DCLA7UJG7ZOUJCJTA",
            "SslMode": "none"
        }
    ]
}
