{
    "CacheEngineVersions": [
        {
            "Engine": "memcached",
            "EngineVersion": "1.4.14",
            "CacheParameterGroupFamily": "memcached1.4",
            "CacheEngineDescription": "memcached",
            "CacheEngineVersionDescription": "memcached version 1.4.14"
        },
        {
            "Engine": "memcached",
            "EngineVersion": "1.4.24",
            "CacheParameterGroupFamily": "memcached1.4",
            "CacheEngineDescription": "memcached",
            "CacheEngineVersionDescription": "memcached version 1.4.24"
        },
        {
            "Engine": "memcached",
            "EngineVersion": "1.4.33",
            "CacheParameterGroupFamily": "memcached1.4",
            "CacheEngineDescription": "memcached",
            "CacheEngineVersionDescription": "memcached version 1.4.33"
        },
        {
            "Engine": "memcached",
            "EngineVersion": "1.4.34",
            "CacheParameterGroupFamily": "memcached1.4",
            "CacheEngineDescription": "memcached",
            "CacheEngineVersionDescription": "memcached version 1.4.34"
        },
        {
            "Engine": "memcached",
            "EngineVersion": "1.4.5",
            "CacheParameterGroupFamily": "memcached1.4",
            "CacheEngineDescription": "memcached",
            "CacheEngineVersionDescription": "memcached version 1.4.5"
        },
        {
            "Engine": "redis",
            "EngineVersion": "2.6.13",
            "CacheParameterGroupFamily": "redis2.6",
            "CacheEngineDescription": "Redis",
            "CacheEngineVersionDescription": "redis version 2.6.13"
        },
        {
            "Engine": "redis",
            "EngineVersion": "2.8.19",
            "CacheParameterGroupFamily": "redis2.8",
            "CacheEngineDescription": "Redis",
            "CacheEngineVersionDescription": "redis version 2.8.19"
        },
        {
            "Engine": "redis",
            "EngineVersion": "2.8.21",
            "CacheParameterGroupFamily": "redis2.8",
            "CacheEngineDescription": "Redis",
            "CacheEngineVersionDescription": "redis version 2.8.21"
        },
        {
            "Engine": "redis",
            "EngineVersion": "2.8.22",
            "CacheParameterGroupFamily": "redis2.8",
            "CacheEngineDescription": "Redis",
            "CacheEngineVersionDescription": "redis version 2.8.22"
        },
        {
            "Engine": "redis",
            "EngineVersion": "2.8.23",
            "CacheParameterGroupFamily": "redis2.8",
            "CacheEngineDescription": "Redis",
            "CacheEngineVersionDescription": "redis version 2.8.23"
        },
        {
            "Engine": "redis",
            "EngineVersion": "2.8.24",
            "CacheParameterGroupFamily": "redis2.8",
            "CacheEngineDescription": "Redis",
            "CacheEngineVersionDescription": "redis version 2.8.24"
        },
        {
            "Engine": "redis",
            "EngineVersion": "2.8.6",
            "CacheParameterGroupFamily": "redis2.8",
            "CacheEngineDescription": "Redis",
            "CacheEngineVersionDescription": "redis version 2.8.6"
        },
        {
            "Engine": "redis",
            "EngineVersion": "3.2.10",
            "CacheParameterGroupFamily": "redis3.2",
            "CacheEngineDescription": "Redis",
            "CacheEngineVersionDescription": "redis version 3.2.10"
        },
        {
            "Engine": "redis",
            "EngineVersion": "3.2.4",
            "CacheParameterGroupFamily": "redis3.2",
            "CacheEngineDescription": "Redis",
            "CacheEngineVersionDescription": "redis version 3.2.4"
        },
        {
            "Engine": "redis",
            "EngineVersion": "3.2.6",
            "CacheParameterGroupFamily": "redis3.2",
            "CacheEngineDescription": "Redis",
            "CacheEngineVersionDescription": "redis version 3.2.6"
        },
        {
            "Engine": "redis",
            "EngineVersion": "4.0.10",
            "CacheParameterGroupFamily": "redis4.0",
            "CacheEngineDescription": "Redis",
            "CacheEngineVersionDescription": "redis version 4.0.10"
        }
    ]
}
