{
    "HostedZones": [
        {
            "Id": "/hostedzone/Z30POL4V4Q94VI",
            "Name": "cenergy.co.th.",
            "CallerReference": "24A4C0DD-48B8-14BD-B2C6-2B8ED7F13A90",
            "Config": {
                "PrivateZone": false
            },
            "ResourceRecordSetCount": 56
        },
        {
            "Id": "/hostedzone/ZY0Q7MDNBDEN4",
            "Name": "officemate.co.th.",
            "CallerReference": "4D09B2D2-980F-FC01-B8BB-54C242E758E3",
            "Config": {
                "PrivateZone": false
            },
            "ResourceRecordSetCount": 2
        },
        {
            "Id": "/hostedzone/Z1O3UOYWTP8OOT",
            "Name": "powerbuy.co.th.",
            "CallerReference": "BC5F12B8-8B69-1D4C-ABE6-13D7FC26AE65",
            "Config": {
                "PrivateZone": false
            },
            "ResourceRecordSetCount": 81
        },
        {
            "Id": "/hostedzone/Z3GLN788IAMPCL",
            "Name": "powerbuy.co.th.",
            "CallerReference": "D5D1C695-F0C8-CEC3-9C6F-E1C1B606E187",
            "Config": {
                "PrivateZone": true
            },
            "ResourceRecordSetCount": 7
        },
        {
            "Id": "/hostedzone/Z1EDNX3LPEU6E",
            "Name": "central.co.th.",
            "CallerReference": "40D0667B-DE6F-E836-8AD0-D0978998E1D5",
            "Config": {
                "PrivateZone": false
            },
            "ResourceRecordSetCount": 238
        },
        {
            "Id": "/hostedzone/ZM379IO9R1YB9",
            "Name": "central.tech.",
            "CallerReference": "9F952885-F094-17CB-8498-276101FB508C",
            "Config": {
                "PrivateZone": false
            },
            "ResourceRecordSetCount": 101
        },
        {
            "Id": "/hostedzone/Z3DCSWZ0F9H9AS",
            "Name": "robinson.co.th.",
            "CallerReference": "1E63C8C8-A409-DD3E-B943-623BAF4FCAF5",
            "Config": {
                "PrivateZone": false
            },
            "ResourceRecordSetCount": 184
        },
        {
            "Id": "/hostedzone/ZMQ3KRBQYN3VU",
            "Name": "the1.co.th.",
            "CallerReference": "11BCD7F4-0BBB-72E9-B115-5874FB44DC39",
            "Config": {
                "PrivateZone": false
            },
            "ResourceRecordSetCount": 23
        },
        {
            "Id": "/hostedzone/Z21G2X07FDJTGH",
            "Name": "dev.pwb-magento.local.",
            "CallerReference": "dev.pwb-magento.local2018-05-23T12:50:02.433596661+07:00",
            "Config": {
                "Comment": "Managed by Terraform",
                "PrivateZone": true
            },
            "ResourceRecordSetCount": 6
        },
        {
            "Id": "/hostedzone/Z2NBB49TCQYA1T",
            "Name": "prod.pwb-magento.local.",
            "CallerReference": "prod.pwb-magento.local2018-06-08T02:49:48.870664144+07:00",
            "Config": {
                "Comment": "Managed by Terraform",
                "PrivateZone": true
            },
            "ResourceRecordSetCount": 6
        },
        {
            "Id": "/hostedzone/Z31B15HFG0YNLG",
            "Name": "jdcentral.com.",
            "CallerReference": "F07F8478-13A2-2D58-8971-39AAE9D0858A",
            "Config": {
                "PrivateZone": false
            },
            "ResourceRecordSetCount": 4
        },
        {
            "Id": "/hostedzone/Z3IT5DQS38UFFW",
            "Name": "uat.pwb-magento.local.",
            "CallerReference": "uat.pwb-magento.local2018-06-25T18:57:30.602706083+07:00",
            "Config": {
                "Comment": "Managed by Terraform",
                "PrivateZone": true
            },
            "ResourceRecordSetCount": 6
        },
        {
            "Id": "/hostedzone/ZKS48L22PS0WT",
            "Name": "tops.co.th.",
            "CallerReference": "5979BFB4-0597-D7C8-B92E-8380396A8F0E",
            "Config": {
                "PrivateZone": false
            },
            "ResourceRecordSetCount": 108
        }
    ]
}
