{
    "Vpcs": [
        {
            "CidrBlock": "10.86.0.0/20",
            "DhcpOptionsId": "dopt-585eb93d",
            "State": "available",
            "VpcId": "vpc-7c91d218",
            "InstanceTenancy": "default",
            "CidrBlockAssociationSet": [
                {
                    "AssociationId": "vpc-cidr-assoc-f8f2f691",
                    "CidrBlock": "10.86.0.0/20",
                    "CidrBlockState": {
                        "State": "associated"
                    }
                }
            ],
            "IsDefault": false,
            "Tags": [
                {
                    "Key": "Name",
                    "Value": "CentralGroup-Zone1"
                },
                {
                    "Key": "Environment",
                    "Value": "Unknown"
                },
                {
                    "Key": "Project",
                    "Value": "Unknown"
                },
                {
                    "Key": "bill",
                    "Value": "cng"
                },
                {
                    "Key": "BusinessUnit",
                    "Value": "CTO"
                }
            ]
        },
        {
            "CidrBlock": "10.4.20.0/22",
            "DhcpOptionsId": "dopt-585eb93d",
            "State": "available",
            "VpcId": "vpc-e05fd187",
            "InstanceTenancy": "default",
            "CidrBlockAssociationSet": [
                {
                    "AssociationId": "vpc-cidr-assoc-4dd18125",
                    "CidrBlock": "10.4.20.0/22",
                    "CidrBlockState": {
                        "State": "associated"
                    }
                }
            ],
            "IsDefault": false,
            "Tags": [
                {
                    "Key": "bill",
                    "Value": "tops"
                },
                {
                    "Key": "Name",
                    "Value": "tops-magento-staging"
                }
            ]
        },
        {
            "CidrBlock": "10.4.16.0/22",
            "DhcpOptionsId": "dopt-585eb93d",
            "State": "available",
            "VpcId": "vpc-9940c5fe",
            "InstanceTenancy": "default",
            "CidrBlockAssociationSet": [
                {
                    "AssociationId": "vpc-cidr-assoc-df4a06b7",
                    "CidrBlock": "10.4.16.0/22",
                    "CidrBlockState": {
                        "State": "associated"
                    }
                }
            ],
            "IsDefault": false,
            "Tags": [
                {
                    "Key": "bill",
                    "Value": "tops"
                },
                {
                    "Key": "Name",
                    "Value": "tops-magento-dev"
                }
            ]
        },
        {
            "CidrBlock": "10.4.12.0/22",
            "DhcpOptionsId": "dopt-585eb93d",
            "State": "available",
            "VpcId": "vpc-679dd200",
            "InstanceTenancy": "default",
            "CidrBlockAssociationSet": [
                {
                    "AssociationId": "vpc-cidr-assoc-88d2cbe0",
                    "CidrBlock": "10.4.12.0/22",
                    "CidrBlockState": {
                        "State": "associated"
                    }
                }
            ],
            "IsDefault": false,
            "Tags": [
                {
                    "Key": "Project",
                    "Value": "Magento"
                },
                {
                    "Key": "Environment",
                    "Value": "UAT"
                },
                {
                    "Key": "BusinessUnit",
                    "Value": "PWB"
                },
                {
                    "Key": "Name",
                    "Value": "pwb-magento-uat"
                },
                {
                    "Key": "bill",
                    "Value": "pwb"
                }
            ]
        },
        {
            "CidrBlock": "10.4.8.0/22",
            "DhcpOptionsId": "dopt-585eb93d",
            "State": "available",
            "VpcId": "vpc-ae64d9c9",
            "InstanceTenancy": "default",
            "CidrBlockAssociationSet": [
                {
                    "AssociationId": "vpc-cidr-assoc-051a5f6d",
                    "CidrBlock": "10.4.8.0/22",
                    "CidrBlockState": {
                        "State": "associated"
                    }
                }
            ],
            "IsDefault": false,
            "Tags": [
                {
                    "Key": "bill",
                    "Value": "pwb"
                },
                {
                    "Key": "Environment",
                    "Value": "Production"
                },
                {
                    "Key": "Name",
                    "Value": "pwb-magento-prod"
                },
                {
                    "Key": "BusinessUnit",
                    "Value": "PWB"
                },
                {
                    "Key": "Project",
                    "Value": "Magento"
                }
            ]
        },
        {
            "CidrBlock": "10.0.0.0/16",
            "DhcpOptionsId": "dopt-585eb93d",
            "State": "available",
            "VpcId": "vpc-1d05a279",
            "InstanceTenancy": "default",
            "CidrBlockAssociationSet": [
                {
                    "AssociationId": "vpc-cidr-assoc-2a821043",
                    "CidrBlock": "10.0.0.0/16",
                    "CidrBlockState": {
                        "State": "associated"
                    }
                }
            ],
            "IsDefault": false,
            "Tags": [
                {
                    "Key": "BusinessUnit",
                    "Value": "CTO"
                },
                {
                    "Key": "Project",
                    "Value": "Unknown"
                },
                {
                    "Key": "Environment",
                    "Value": "Shared"
                },
                {
                    "Key": "Name",
                    "Value": "Default-VPC"
                }
            ]
        },
        {
            "CidrBlock": "172.20.0.0/16",
            "DhcpOptionsId": "dopt-003dd8b7c569e3a9f",
            "State": "available",
            "VpcId": "vpc-0fad5ae0febe3c4ce",
            "InstanceTenancy": "default",
            "CidrBlockAssociationSet": [
                {
                    "AssociationId": "vpc-cidr-assoc-054befa707dc53791",
                    "CidrBlock": "172.20.0.0/16",
                    "CidrBlockState": {
                        "State": "associated"
                    }
                }
            ],
            "IsDefault": false,
            "Tags": [
                {
                    "Key": "Name",
                    "Value": "k8s-guard.central.tech"
                },
                {
                    "Key": "kubernetes.io/cluster/k8s-guard.central.tech",
                    "Value": "owned"
                },
                {
                    "Key": "KubernetesCluster",
                    "Value": "k8s-guard.central.tech"
                }
            ]
        },
        {
            "CidrBlock": "10.17.223.0/24",
            "DhcpOptionsId": "dopt-585eb93d",
            "State": "available",
            "VpcId": "vpc-869f6ae2",
            "InstanceTenancy": "default",
            "CidrBlockAssociationSet": [
                {
                    "AssociationId": "vpc-cidr-assoc-10cf6e79",
                    "CidrBlock": "10.17.223.0/24",
                    "CidrBlockState": {
                        "State": "associated"
                    }
                }
            ],
            "IsDefault": false,
            "Tags": [
                {
                    "Key": "Project",
                    "Value": "Unknown"
                },
                {
                    "Key": "BusinessUnit",
                    "Value": "CTO"
                },
                {
                    "Key": "Environment",
                    "Value": "Shared"
                },
                {
                    "Key": "Name",
                    "Value": "VPC-Ounjai"
                }
            ]
        },
        {
            "CidrBlock": "10.17.252.0/24",
            "DhcpOptionsId": "dopt-585eb93d",
            "State": "available",
            "VpcId": "vpc-3c707858",
            "InstanceTenancy": "default",
            "CidrBlockAssociationSet": [
                {
                    "AssociationId": "vpc-cidr-assoc-9218d0fa",
                    "CidrBlock": "10.17.252.0/24",
                    "CidrBlockState": {
                        "State": "associated"
                    }
                }
            ],
            "IsDefault": false,
            "Tags": [
                {
                    "Key": "Environment",
                    "Value": "Shared"
                },
                {
                    "Key": "BusinessUnit",
                    "Value": "CTO"
                },
                {
                    "Key": "Project",
                    "Value": "Unknown"
                },
                {
                    "Key": "Name",
                    "Value": "Test252"
                }
            ]
        },
        {
            "CidrBlock": "10.4.4.0/22",
            "DhcpOptionsId": "dopt-585eb93d",
            "State": "available",
            "VpcId": "vpc-95bd1ef2",
            "InstanceTenancy": "default",
            "Ipv6CidrBlockAssociationSet": [
                {
                    "AssociationId": "vpc-cidr-assoc-0c8f153ed7f892428",
                    "Ipv6CidrBlock": "2406:da18:9b1:1400::/56",
                    "Ipv6CidrBlockState": {
                        "State": "associated"
                    }
                }
            ],
            "CidrBlockAssociationSet": [
                {
                    "AssociationId": "vpc-cidr-assoc-2d781145",
                    "CidrBlock": "10.4.4.0/22",
                    "CidrBlockState": {
                        "State": "associated"
                    }
                }
            ],
            "IsDefault": false,
            "Tags": [
                {
                    "Key": "BusinessUnit",
                    "Value": "PWB"
                },
                {
                    "Key": "bill",
                    "Value": "pwb"
                },
                {
                    "Key": "Name",
                    "Value": "pwb-magento-dev"
                },
                {
                    "Key": "Environment",
                    "Value": "Development"
                },
                {
                    "Key": "Project",
                    "Value": "Magento"
                }
            ]
        },
        {
            "CidrBlock": "10.4.0.0/22",
            "DhcpOptionsId": "dopt-585eb93d",
            "State": "available",
            "VpcId": "vpc-0215bd65",
            "InstanceTenancy": "default",
            "CidrBlockAssociationSet": [
                {
                    "AssociationId": "vpc-cidr-assoc-176a1b7f",
                    "CidrBlock": "10.4.0.0/22",
                    "CidrBlockState": {
                        "State": "associated"
                    }
                }
            ],
            "IsDefault": false,
            "Tags": [
                {
                    "Key": "bill",
                    "Value": "pwb"
                },
                {
                    "Key": "Environment",
                    "Value": "Staging"
                },
                {
                    "Key": "Name",
                    "Value": "pwb-magento-staging"
                },
                {
                    "Key": "BusinessUnit",
                    "Value": "PWB"
                },
                {
                    "Key": "Project",
                    "Value": "Magento"
                }
            ]
        },
        {
            "CidrBlock": "172.19.0.0/20",
            "DhcpOptionsId": "dopt-585eb93d",
            "State": "available",
            "VpcId": "vpc-ed4add8a",
            "InstanceTenancy": "default",
            "CidrBlockAssociationSet": [
                {
                    "AssociationId": "vpc-cidr-assoc-b18bd3d9",
                    "CidrBlock": "172.19.0.0/20",
                    "CidrBlockState": {
                        "State": "associated"
                    }
                }
            ],
            "IsDefault": false,
            "Tags": [
                {
                    "Key": "Project",
                    "Value": "Magento"
                },
                {
                    "Key": "Environment",
                    "Value": "Development"
                },
                {
                    "Key": "BusinessUnit",
                    "Value": "PWB"
                },
                {
                    "Key": "bill",
                    "Value": "pwb"
                },
                {
                    "Key": "Name",
                    "Value": "pwb-dev-ceph-storage"
                },
                {
                    "Key": "Terraform",
                    "Value": "1"
                }
            ]
        }
    ]
}
