{
    "CacheClusters": [
        {
            "CacheClusterId": "line-t1c-redis-1-001",
            "ClientDownloadLandingPage": "https://console.aws.amazon.com/elasticache/home#client-download:",
            "CacheNodeType": "cache.t2.small",
            "Engine": "redis",
            "EngineVersion": "3.2.4",
            "CacheClusterStatus": "available",
            "NumCacheNodes": 1,
            "PreferredAvailabilityZone": "ap-southeast-1b",
            "CacheClusterCreateTime": "2017-07-20T02:45:38.233Z",
            "PreferredMaintenanceWindow": "wed:15:30-wed:16:30",
            "PendingModifiedValues": {},
            "CacheSecurityGroups": [],
            "CacheParameterGroup": {
                "CacheParameterGroupName": "default.redis3.2",
                "ParameterApplyStatus": "in-sync",
                "CacheNodeIdsToReboot": []
            },
            "CacheSubnetGroupName": "line-cache",
            "AutoMinorVersionUpgrade": true,
            "SecurityGroups": [
                {
                    "SecurityGroupId": "sg-a56362c2",
                    "Status": "active"
                }
            ],
            "ReplicationGroupId": "line-t1c-redis-1",
            "AuthTokenEnabled": false,
            "TransitEncryptionEnabled": false,
            "AtRestEncryptionEnabled": false
        },
        {
            "CacheClusterId": "line-t1c-redis-1-002",
            "ClientDownloadLandingPage": "https://console.aws.amazon.com/elasticache/home#client-download:",
            "CacheNodeType": "cache.t2.small",
            "Engine": "redis",
            "EngineVersion": "3.2.4",
            "CacheClusterStatus": "available",
            "NumCacheNodes": 1,
            "PreferredAvailabilityZone": "ap-southeast-1a",
            "CacheClusterCreateTime": "2017-07-20T02:50:23.173Z",
            "PreferredMaintenanceWindow": "wed:15:30-wed:16:30",
            "PendingModifiedValues": {},
            "CacheSecurityGroups": [],
            "CacheParameterGroup": {
                "CacheParameterGroupName": "default.redis3.2",
                "ParameterApplyStatus": "in-sync",
                "CacheNodeIdsToReboot": []
            },
            "CacheSubnetGroupName": "line-cache",
            "AutoMinorVersionUpgrade": true,
            "SecurityGroups": [
                {
                    "SecurityGroupId": "sg-a56362c2",
                    "Status": "active"
                }
            ],
            "ReplicationGroupId": "line-t1c-redis-1",
            "AuthTokenEnabled": false,
            "TransitEncryptionEnabled": false,
            "AtRestEncryptionEnabled": false
        },
        {
            "CacheClusterId": "line-t1c-uat",
            "ClientDownloadLandingPage": "https://console.aws.amazon.com/elasticache/home#client-download:",
            "CacheNodeType": "cache.t2.micro",
            "Engine": "redis",
            "EngineVersion": "3.2.4",
            "CacheClusterStatus": "available",
            "NumCacheNodes": 1,
            "PreferredAvailabilityZone": "ap-southeast-1b",
            "CacheClusterCreateTime": "2017-07-25T09:40:46.836Z",
            "PreferredMaintenanceWindow": "sat:15:30-sat:16:30",
            "PendingModifiedValues": {},
            "CacheSecurityGroups": [],
            "CacheParameterGroup": {
                "CacheParameterGroupName": "default.redis3.2",
                "ParameterApplyStatus": "in-sync",
                "CacheNodeIdsToReboot": []
            },
            "CacheSubnetGroupName": "line-cache",
            "AutoMinorVersionUpgrade": true,
            "SecurityGroups": [
                {
                    "SecurityGroupId": "sg-a56362c2",
                    "Status": "active"
                }
            ],
            "AuthTokenEnabled": false,
            "TransitEncryptionEnabled": false,
            "AtRestEncryptionEnabled": false
        },
        {
            "CacheClusterId": "pwb-cache",
            "ClientDownloadLandingPage": "https://console.aws.amazon.com/elasticache/home#client-download:",
            "CacheNodeType": "cache.t2.medium",
            "Engine": "redis",
            "EngineVersion": "3.2.10",
            "CacheClusterStatus": "available",
            "NumCacheNodes": 1,
            "PreferredAvailabilityZone": "ap-southeast-1b",
            "CacheClusterCreateTime": "2017-11-17T03:38:20.374Z",
            "PreferredMaintenanceWindow": "thu:16:30-thu:17:30",
            "PendingModifiedValues": {},
            "CacheSecurityGroups": [],
            "CacheParameterGroup": {
                "CacheParameterGroupName": "default.redis3.2",
                "ParameterApplyStatus": "in-sync",
                "CacheNodeIdsToReboot": []
            },
            "CacheSubnetGroupName": "cto-cache",
            "AutoMinorVersionUpgrade": true,
            "SecurityGroups": [
                {
                    "SecurityGroupId": "sg-14329172",
                    "Status": "active"
                },
                {
                    "SecurityGroupId": "sg-8b5f59ec",
                    "Status": "active"
                }
            ],
            "AuthTokenEnabled": false,
            "TransitEncryptionEnabled": false,
            "AtRestEncryptionEnabled": false
        },
        {
            "CacheClusterId": "pwb-magento-dev",
            "ClientDownloadLandingPage": "https://console.aws.amazon.com/elasticache/home#client-download:",
            "CacheNodeType": "cache.t2.medium",
            "Engine": "redis",
            "EngineVersion": "3.2.10",
            "CacheClusterStatus": "available",
            "NumCacheNodes": 1,
            "PreferredAvailabilityZone": "ap-southeast-1b",
            "CacheClusterCreateTime": "2018-02-02T14:23:09Z",
            "PreferredMaintenanceWindow": "tue:20:30-tue:21:30",
            "PendingModifiedValues": {},
            "CacheSecurityGroups": [],
            "CacheParameterGroup": {
                "CacheParameterGroupName": "default.redis3.2",
                "ParameterApplyStatus": "in-sync",
                "CacheNodeIdsToReboot": []
            },
            "CacheSubnetGroupName": "pwb-magento-dev",
            "AutoMinorVersionUpgrade": true,
            "SecurityGroups": [
                {
                    "SecurityGroupId": "sg-4e2ed337",
                    "Status": "active"
                }
            ],
            "AuthTokenEnabled": false,
            "TransitEncryptionEnabled": false,
            "AtRestEncryptionEnabled": false
        },
        {
            "CacheClusterId": "pwb-magento-prod",
            "ClientDownloadLandingPage": "https://console.aws.amazon.com/elasticache/home#client-download:",
            "CacheNodeType": "cache.r4.large",
            "Engine": "redis",
            "EngineVersion": "3.2.10",
            "CacheClusterStatus": "available",
            "NumCacheNodes": 1,
            "PreferredAvailabilityZone": "ap-southeast-1b",
            "CacheClusterCreateTime": "2018-02-26T16:25:16.059Z",
            "PreferredMaintenanceWindow": "thu:17:30-thu:18:30",
            "PendingModifiedValues": {},
            "CacheSecurityGroups": [],
            "CacheParameterGroup": {
                "CacheParameterGroupName": "default.redis3.2",
                "ParameterApplyStatus": "in-sync",
                "CacheNodeIdsToReboot": []
            },
            "CacheSubnetGroupName": "pwb-magento-prod",
            "AutoMinorVersionUpgrade": true,
            "SecurityGroups": [
                {
                    "SecurityGroupId": "sg-860baeff",
                    "Status": "active"
                }
            ],
            "SnapshotRetentionLimit": 0,
            "SnapshotWindow": "15:00-16:00",
            "AuthTokenEnabled": false,
            "TransitEncryptionEnabled": false,
            "AtRestEncryptionEnabled": false
        },
        {
            "CacheClusterId": "pwb-magento-staging",
            "ClientDownloadLandingPage": "https://console.aws.amazon.com/elasticache/home#client-download:",
            "CacheNodeType": "cache.t2.medium",
            "Engine": "redis",
            "EngineVersion": "3.2.10",
            "CacheClusterStatus": "available",
            "NumCacheNodes": 1,
            "PreferredAvailabilityZone": "ap-southeast-1a",
            "CacheClusterCreateTime": "2018-02-12T12:58:31.462Z",
            "PreferredMaintenanceWindow": "sun:14:00-sun:15:00",
            "PendingModifiedValues": {},
            "CacheSecurityGroups": [],
            "CacheParameterGroup": {
                "CacheParameterGroupName": "default.redis3.2",
                "ParameterApplyStatus": "in-sync",
                "CacheNodeIdsToReboot": []
            },
            "CacheSubnetGroupName": "pwb-magento-staging",
            "AutoMinorVersionUpgrade": true,
            "SecurityGroups": [
                {
                    "SecurityGroupId": "sg-ecb47995",
                    "Status": "active"
                }
            ],
            "AuthTokenEnabled": false,
            "TransitEncryptionEnabled": false,
            "AtRestEncryptionEnabled": false
        },
        {
            "CacheClusterId": "pwb-magento-uat",
            "ClientDownloadLandingPage": "https://console.aws.amazon.com/elasticache/home#client-download:",
            "CacheNodeType": "cache.t2.medium",
            "Engine": "redis",
            "EngineVersion": "4.0.10",
            "CacheClusterStatus": "available",
            "NumCacheNodes": 1,
            "PreferredAvailabilityZone": "ap-southeast-1a",
            "CacheClusterCreateTime": "2018-06-25T12:01:00.328Z",
            "PreferredMaintenanceWindow": "thu:18:30-thu:19:30",
            "PendingModifiedValues": {},
            "CacheSecurityGroups": [],
            "CacheParameterGroup": {
                "CacheParameterGroupName": "default.redis4.0",
                "ParameterApplyStatus": "in-sync",
                "CacheNodeIdsToReboot": []
            },
            "CacheSubnetGroupName": "pwb-magento-uat",
            "AutoMinorVersionUpgrade": true,
            "SecurityGroups": [
                {
                    "SecurityGroupId": "sg-86db2efe",
                    "Status": "active"
                }
            ],
            "AuthTokenEnabled": false,
            "TransitEncryptionEnabled": false,
            "AtRestEncryptionEnabled": false
        },
        {
            "CacheClusterId": "tops-magento-dev",
            "ClientDownloadLandingPage": "https://console.aws.amazon.com/elasticache/home#client-download:",
            "CacheNodeType": "cache.t2.medium",
            "Engine": "redis",
            "EngineVersion": "3.2.10",
            "CacheClusterStatus": "available",
            "NumCacheNodes": 1,
            "PreferredAvailabilityZone": "ap-southeast-1b",
            "CacheClusterCreateTime": "2018-03-12T09:05:38.273Z",
            "PreferredMaintenanceWindow": "fri:20:00-fri:21:00",
            "PendingModifiedValues": {},
            "CacheSecurityGroups": [],
            "CacheParameterGroup": {
                "CacheParameterGroupName": "default.redis3.2",
                "ParameterApplyStatus": "in-sync",
                "CacheNodeIdsToReboot": []
            },
            "CacheSubnetGroupName": "tops-magento-dev",
            "AutoMinorVersionUpgrade": true,
            "SecurityGroups": [
                {
                    "SecurityGroupId": "sg-cbf046b2",
                    "Status": "active"
                }
            ],
            "AuthTokenEnabled": false,
            "TransitEncryptionEnabled": false,
            "AtRestEncryptionEnabled": false
        },
        {
            "CacheClusterId": "tops-magento-staging",
            "ClientDownloadLandingPage": "https://console.aws.amazon.com/elasticache/home#client-download:",
            "CacheNodeType": "cache.t2.medium",
            "Engine": "redis",
            "EngineVersion": "3.2.10",
            "CacheClusterStatus": "available",
            "NumCacheNodes": 1,
            "PreferredAvailabilityZone": "ap-southeast-1b",
            "CacheClusterCreateTime": "2018-03-23T10:40:17.860Z",
            "PreferredMaintenanceWindow": "sat:16:30-sat:17:30",
            "PendingModifiedValues": {},
            "CacheSecurityGroups": [],
            "CacheParameterGroup": {
                "CacheParameterGroupName": "default.redis3.2",
                "ParameterApplyStatus": "in-sync",
                "CacheNodeIdsToReboot": []
            },
            "CacheSubnetGroupName": "tops-magento-staging",
            "AutoMinorVersionUpgrade": true,
            "SecurityGroups": [
                {
                    "SecurityGroupId": "sg-8f65ecf6",
                    "Status": "active"
                }
            ],
            "AuthTokenEnabled": false,
            "TransitEncryptionEnabled": false,
            "AtRestEncryptionEnabled": false
        }
    ]
}
