{
    "DomainNames": [
        {
            "DomainName": "pwb-magento-dev"
        },
        {
            "DomainName": "test"
        },
        {
            "DomainName": "viz"
        },
        {
            "DomainName": "t1c"
        },
        {
            "DomainName": "ofm"
        },
        {
            "DomainName": "tops-magento-staging"
        },
        {
            "DomainName": "pwb"
        },
        {
            "DomainName": "pwb-magento-prod"
        },
        {
            "DomainName": "viz2"
        },
        {
            "DomainName": "tops-magento-dev"
        },
        {
            "DomainName": "pwb-magento-uat"
        },
        {
            "DomainName": "pwb-magento-staging"
        }
    ]
}
