{
    "DistributionList": {
        "Items": [
            {
                "Id": "E2TSDQPWAS3LS8",
                "ARN": "arn:aws:cloudfront::841787149052:distribution/E2TSDQPWAS3LS8",
                "Status": "Deployed",
                "LastModifiedTime": "2017-07-23T09:00:42.047Z",
                "DomainName": "d13g3w0p44fefq.cloudfront.net",
                "Aliases": {
                    "Quantity": 0
                },
                "Origins": {
                    "Quantity": 1,
                    "Items": [
                        {
                            "Id": "Custom-line.the-1-card.com",
                            "DomainName": "line.the-1-card.com",
                            "OriginPath": "",
                            "CustomHeaders": {
                                "Quantity": 0
                            },
                            "CustomOriginConfig": {
                                "HTTPPort": 80,
                                "HTTPSPort": 443,
                                "OriginProtocolPolicy": "http-only",
                                "OriginSslProtocols": {
                                    "Quantity": 3,
                                    "Items": [
                                        "TLSv1",
                                        "TLSv1.1",
                                        "TLSv1.2"
                                    ]
                                },
                                "OriginReadTimeout": 30,
                                "OriginKeepaliveTimeout": 5
                            }
                        }
                    ]
                },
                "DefaultCacheBehavior": {
                    "TargetOriginId": "Custom-line.the-1-card.com",
                    "ForwardedValues": {
                        "QueryString": false,
                        "Cookies": {
                            "Forward": "none"
                        },
                        "Headers": {
                            "Quantity": 0
                        },
                        "QueryStringCacheKeys": {
                            "Quantity": 0
                        }
                    },
                    "TrustedSigners": {
                        "Enabled": false,
                        "Quantity": 0
                    },
                    "ViewerProtocolPolicy": "allow-all",
                    "MinTTL": 0,
                    "AllowedMethods": {
                        "Quantity": 2,
                        "Items": [
                            "HEAD",
                            "GET"
                        ],
                        "CachedMethods": {
                            "Quantity": 2,
                            "Items": [
                                "HEAD",
                                "GET"
                            ]
                        }
                    },
                    "SmoothStreaming": false,
                    "DefaultTTL": 86400,
                    "MaxTTL": 31536000,
                    "Compress": true,
                    "LambdaFunctionAssociations": {
                        "Quantity": 0
                    },
                    "FieldLevelEncryptionId": ""
                },
                "CacheBehaviors": {
                    "Quantity": 0
                },
                "CustomErrorResponses": {
                    "Quantity": 0
                },
                "Comment": "",
                "PriceClass": "PriceClass_200",
                "Enabled": true,
                "ViewerCertificate": {
                    "CloudFrontDefaultCertificate": true,
                    "MinimumProtocolVersion": "TLSv1",
                    "CertificateSource": "cloudfront"
                },
                "Restrictions": {
                    "GeoRestriction": {
                        "RestrictionType": "none",
                        "Quantity": 0
                    }
                },
                "WebACLId": "",
                "HttpVersion": "HTTP2",
                "IsIPV6Enabled": true
            },
            {
                "Id": "EYFNUD03XVWZG",
                "ARN": "arn:aws:cloudfront::841787149052:distribution/EYFNUD03XVWZG",
                "Status": "Deployed",
                "LastModifiedTime": "2018-08-07T04:42:03.937Z",
                "DomainName": "d5uru4w9paiwu.cloudfront.net",
                "Aliases": {
                    "Quantity": 1,
                    "Items": [
                        "dev.powerbuy.co.th"
                    ]
                },
                "Origins": {
                    "Quantity": 2,
                    "Items": [
                        {
                            "Id": "origin-dev.powerbuy.co.th",
                            "DomainName": "origin-dev.powerbuy.co.th",
                            "OriginPath": "",
                            "CustomHeaders": {
                                "Quantity": 0
                            },
                            "CustomOriginConfig": {
                                "HTTPPort": 80,
                                "HTTPSPort": 443,
                                "OriginProtocolPolicy": "https-only",
                                "OriginSslProtocols": {
                                    "Quantity": 3,
                                    "Items": [
                                        "TLSv1",
                                        "TLSv1.1",
                                        "TLSv1.2"
                                    ]
                                },
                                "OriginReadTimeout": 60,
                                "OriginKeepaliveTimeout": 5
                            }
                        },
                        {
                            "Id": "S3-pwb-magento-media-dev",
                            "DomainName": "pwb-magento-media-dev.s3.amazonaws.com",
                            "OriginPath": "",
                            "CustomHeaders": {
                                "Quantity": 0
                            },
                            "S3OriginConfig": {
                                "OriginAccessIdentity": "origin-access-identity/cloudfront/EC4NV8GD2BMJZ"
                            }
                        }
                    ]
                },
                "DefaultCacheBehavior": {
                    "TargetOriginId": "origin-dev.powerbuy.co.th",
                    "ForwardedValues": {
                        "QueryString": true,
                        "Cookies": {
                            "Forward": "all"
                        },
                        "Headers": {
                            "Quantity": 10,
                            "Items": [
                                "Accept",
                                "Accept-Charset",
                                "Accept-Language",
                                "Authority",
                                "Authorization",
                                "Content-Type",
                                "Host",
                                "Origin",
                                "Referer",
                                "X-Requested-With"
                            ]
                        },
                        "QueryStringCacheKeys": {
                            "Quantity": 1,
                            "Items": [
                                "force_cache"
                            ]
                        }
                    },
                    "TrustedSigners": {
                        "Enabled": false,
                        "Quantity": 0
                    },
                    "ViewerProtocolPolicy": "redirect-to-https",
                    "MinTTL": 0,
                    "AllowedMethods": {
                        "Quantity": 7,
                        "Items": [
                            "HEAD",
                            "DELETE",
                            "POST",
                            "GET",
                            "OPTIONS",
                            "PUT",
                            "PATCH"
                        ],
                        "CachedMethods": {
                            "Quantity": 2,
                            "Items": [
                                "HEAD",
                                "GET"
                            ]
                        }
                    },
                    "SmoothStreaming": false,
                    "DefaultTTL": 0,
                    "MaxTTL": 0,
                    "Compress": false,
                    "LambdaFunctionAssociations": {
                        "Quantity": 0
                    },
                    "FieldLevelEncryptionId": ""
                },
                "CacheBehaviors": {
                    "Quantity": 3,
                    "Items": [
                        {
                            "PathPattern": "/media/*",
                            "TargetOriginId": "origin-dev.powerbuy.co.th",
                            "ForwardedValues": {
                                "QueryString": false,
                                "Cookies": {
                                    "Forward": "none"
                                },
                                "Headers": {
                                    "Quantity": 7,
                                    "Items": [
                                        "Accept",
                                        "Accept-Charset",
                                        "Accept-Encoding",
                                        "Accept-Language",
                                        "Authorization",
                                        "Host",
                                        "Origin"
                                    ]
                                },
                                "QueryStringCacheKeys": {
                                    "Quantity": 0
                                }
                            },
                            "TrustedSigners": {
                                "Enabled": false,
                                "Quantity": 0
                            },
                            "ViewerProtocolPolicy": "redirect-to-https",
                            "MinTTL": 0,
                            "AllowedMethods": {
                                "Quantity": 2,
                                "Items": [
                                    "HEAD",
                                    "GET"
                                ],
                                "CachedMethods": {
                                    "Quantity": 2,
                                    "Items": [
                                        "HEAD",
                                        "GET"
                                    ]
                                }
                            },
                            "SmoothStreaming": false,
                            "DefaultTTL": 86400,
                            "MaxTTL": 31536000,
                            "Compress": true,
                            "LambdaFunctionAssociations": {
                                "Quantity": 0
                            },
                            "FieldLevelEncryptionId": ""
                        },
                        {
                            "PathPattern": "/static/*",
                            "TargetOriginId": "origin-dev.powerbuy.co.th",
                            "ForwardedValues": {
                                "QueryString": false,
                                "Cookies": {
                                    "Forward": "none"
                                },
                                "Headers": {
                                    "Quantity": 7,
                                    "Items": [
                                        "Accept",
                                        "Accept-Charset",
                                        "Accept-Encoding",
                                        "Accept-Language",
                                        "Authorization",
                                        "Host",
                                        "Origin"
                                    ]
                                },
                                "QueryStringCacheKeys": {
                                    "Quantity": 0
                                }
                            },
                            "TrustedSigners": {
                                "Enabled": false,
                                "Quantity": 0
                            },
                            "ViewerProtocolPolicy": "redirect-to-https",
                            "MinTTL": 0,
                            "AllowedMethods": {
                                "Quantity": 2,
                                "Items": [
                                    "HEAD",
                                    "GET"
                                ],
                                "CachedMethods": {
                                    "Quantity": 2,
                                    "Items": [
                                        "HEAD",
                                        "GET"
                                    ]
                                }
                            },
                            "SmoothStreaming": false,
                            "DefaultTTL": 86400,
                            "MaxTTL": 31536000,
                            "Compress": true,
                            "LambdaFunctionAssociations": {
                                "Quantity": 0
                            },
                            "FieldLevelEncryptionId": ""
                        },
                        {
                            "PathPattern": "/maintenance/*",
                            "TargetOriginId": "origin-dev.powerbuy.co.th",
                            "ForwardedValues": {
                                "QueryString": false,
                                "Cookies": {
                                    "Forward": "none"
                                },
                                "Headers": {
                                    "Quantity": 7,
                                    "Items": [
                                        "Accept",
                                        "Accept-Charset",
                                        "Accept-Encoding",
                                        "Accept-Language",
                                        "Authorization",
                                        "Host",
                                        "Origin"
                                    ]
                                },
                                "QueryStringCacheKeys": {
                                    "Quantity": 0
                                }
                            },
                            "TrustedSigners": {
                                "Enabled": false,
                                "Quantity": 0
                            },
                            "ViewerProtocolPolicy": "redirect-to-https",
                            "MinTTL": 0,
                            "AllowedMethods": {
                                "Quantity": 2,
                                "Items": [
                                    "HEAD",
                                    "GET"
                                ],
                                "CachedMethods": {
                                    "Quantity": 2,
                                    "Items": [
                                        "HEAD",
                                        "GET"
                                    ]
                                }
                            },
                            "SmoothStreaming": false,
                            "DefaultTTL": 86400,
                            "MaxTTL": 31536000,
                            "Compress": true,
                            "LambdaFunctionAssociations": {
                                "Quantity": 0
                            },
                            "FieldLevelEncryptionId": ""
                        }
                    ]
                },
                "CustomErrorResponses": {
                    "Quantity": 6,
                    "Items": [
                        {
                            "ErrorCode": 404,
                            "ResponsePagePath": "",
                            "ResponseCode": "",
                            "ErrorCachingMinTTL": 0
                        },
                        {
                            "ErrorCode": 500,
                            "ResponsePagePath": "",
                            "ResponseCode": "",
                            "ErrorCachingMinTTL": 0
                        },
                        {
                            "ErrorCode": 501,
                            "ResponsePagePath": "",
                            "ResponseCode": "",
                            "ErrorCachingMinTTL": 0
                        },
                        {
                            "ErrorCode": 502,
                            "ResponsePagePath": "",
                            "ResponseCode": "",
                            "ErrorCachingMinTTL": 0
                        },
                        {
                            "ErrorCode": 503,
                            "ResponsePagePath": "",
                            "ResponseCode": "",
                            "ErrorCachingMinTTL": 0
                        },
                        {
                            "ErrorCode": 504,
                            "ResponsePagePath": "",
                            "ResponseCode": "",
                            "ErrorCachingMinTTL": 0
                        }
                    ]
                },
                "Comment": "",
                "PriceClass": "PriceClass_200",
                "Enabled": true,
                "ViewerCertificate": {
                    "ACMCertificateArn": "arn:aws:acm:us-east-1:841787149052:certificate/f508050b-ee95-4063-b26f-9bb32592e39d",
                    "SSLSupportMethod": "sni-only",
                    "MinimumProtocolVersion": "TLSv1.1_2016",
                    "Certificate": "arn:aws:acm:us-east-1:841787149052:certificate/f508050b-ee95-4063-b26f-9bb32592e39d",
                    "CertificateSource": "acm"
                },
                "Restrictions": {
                    "GeoRestriction": {
                        "RestrictionType": "blacklist",
                        "Quantity": 1,
                        "Items": [
                            "RU"
                        ]
                    }
                },
                "WebACLId": "",
                "HttpVersion": "HTTP2",
                "IsIPV6Enabled": false
            },
            {
                "Id": "E3PAWSMA762E3Q",
                "ARN": "arn:aws:cloudfront::841787149052:distribution/E3PAWSMA762E3Q",
                "Status": "Deployed",
                "LastModifiedTime": "2018-08-30T09:25:02.627Z",
                "DomainName": "dfmukn6hiiik1.cloudfront.net",
                "Aliases": {
                    "Quantity": 2,
                    "Items": [
                        "powerbuy.co.th",
                        "www.powerbuy.co.th"
                    ]
                },
                "Origins": {
                    "Quantity": 1,
                    "Items": [
                        {
                            "Id": "origin.powerbuy.co.th",
                            "DomainName": "origin.powerbuy.co.th",
                            "OriginPath": "",
                            "CustomHeaders": {
                                "Quantity": 0
                            },
                            "CustomOriginConfig": {
                                "HTTPPort": 80,
                                "HTTPSPort": 443,
                                "OriginProtocolPolicy": "https-only",
                                "OriginSslProtocols": {
                                    "Quantity": 3,
                                    "Items": [
                                        "TLSv1",
                                        "TLSv1.1",
                                        "TLSv1.2"
                                    ]
                                },
                                "OriginReadTimeout": 60,
                                "OriginKeepaliveTimeout": 5
                            }
                        }
                    ]
                },
                "DefaultCacheBehavior": {
                    "TargetOriginId": "origin.powerbuy.co.th",
                    "ForwardedValues": {
                        "QueryString": true,
                        "Cookies": {
                            "Forward": "all"
                        },
                        "Headers": {
                            "Quantity": 9,
                            "Items": [
                                "Accept",
                                "Accept-Charset",
                                "Accept-Language",
                                "Authority",
                                "Authorization",
                                "Content-Type",
                                "Origin",
                                "Referer",
                                "X-Requested-With"
                            ]
                        },
                        "QueryStringCacheKeys": {
                            "Quantity": 1,
                            "Items": [
                                "force_cache"
                            ]
                        }
                    },
                    "TrustedSigners": {
                        "Enabled": false,
                        "Quantity": 0
                    },
                    "ViewerProtocolPolicy": "redirect-to-https",
                    "MinTTL": 0,
                    "AllowedMethods": {
                        "Quantity": 7,
                        "Items": [
                            "HEAD",
                            "DELETE",
                            "POST",
                            "GET",
                            "OPTIONS",
                            "PUT",
                            "PATCH"
                        ],
                        "CachedMethods": {
                            "Quantity": 2,
                            "Items": [
                                "HEAD",
                                "GET"
                            ]
                        }
                    },
                    "SmoothStreaming": false,
                    "DefaultTTL": 0,
                    "MaxTTL": 0,
                    "Compress": true,
                    "LambdaFunctionAssociations": {
                        "Quantity": 0
                    },
                    "FieldLevelEncryptionId": ""
                },
                "CacheBehaviors": {
                    "Quantity": 3,
                    "Items": [
                        {
                            "PathPattern": "/media/*",
                            "TargetOriginId": "origin.powerbuy.co.th",
                            "ForwardedValues": {
                                "QueryString": false,
                                "Cookies": {
                                    "Forward": "none"
                                },
                                "Headers": {
                                    "Quantity": 0
                                },
                                "QueryStringCacheKeys": {
                                    "Quantity": 0
                                }
                            },
                            "TrustedSigners": {
                                "Enabled": false,
                                "Quantity": 0
                            },
                            "ViewerProtocolPolicy": "redirect-to-https",
                            "MinTTL": 0,
                            "AllowedMethods": {
                                "Quantity": 2,
                                "Items": [
                                    "HEAD",
                                    "GET"
                                ],
                                "CachedMethods": {
                                    "Quantity": 2,
                                    "Items": [
                                        "HEAD",
                                        "GET"
                                    ]
                                }
                            },
                            "SmoothStreaming": false,
                            "DefaultTTL": 86400,
                            "MaxTTL": 31536000,
                            "Compress": true,
                            "LambdaFunctionAssociations": {
                                "Quantity": 0
                            },
                            "FieldLevelEncryptionId": ""
                        },
                        {
                            "PathPattern": "/static/*",
                            "TargetOriginId": "origin.powerbuy.co.th",
                            "ForwardedValues": {
                                "QueryString": false,
                                "Cookies": {
                                    "Forward": "none"
                                },
                                "Headers": {
                                    "Quantity": 0
                                },
                                "QueryStringCacheKeys": {
                                    "Quantity": 0
                                }
                            },
                            "TrustedSigners": {
                                "Enabled": false,
                                "Quantity": 0
                            },
                            "ViewerProtocolPolicy": "redirect-to-https",
                            "MinTTL": 0,
                            "AllowedMethods": {
                                "Quantity": 2,
                                "Items": [
                                    "HEAD",
                                    "GET"
                                ],
                                "CachedMethods": {
                                    "Quantity": 2,
                                    "Items": [
                                        "HEAD",
                                        "GET"
                                    ]
                                }
                            },
                            "SmoothStreaming": false,
                            "DefaultTTL": 300,
                            "MaxTTL": 300,
                            "Compress": true,
                            "LambdaFunctionAssociations": {
                                "Quantity": 0
                            },
                            "FieldLevelEncryptionId": ""
                        },
                        {
                            "PathPattern": "/maintenance/*",
                            "TargetOriginId": "origin.powerbuy.co.th",
                            "ForwardedValues": {
                                "QueryString": false,
                                "Cookies": {
                                    "Forward": "none"
                                },
                                "Headers": {
                                    "Quantity": 0
                                },
                                "QueryStringCacheKeys": {
                                    "Quantity": 0
                                }
                            },
                            "TrustedSigners": {
                                "Enabled": false,
                                "Quantity": 0
                            },
                            "ViewerProtocolPolicy": "redirect-to-https",
                            "MinTTL": 0,
                            "AllowedMethods": {
                                "Quantity": 2,
                                "Items": [
                                    "HEAD",
                                    "GET"
                                ],
                                "CachedMethods": {
                                    "Quantity": 2,
                                    "Items": [
                                        "HEAD",
                                        "GET"
                                    ]
                                }
                            },
                            "SmoothStreaming": false,
                            "DefaultTTL": 86400,
                            "MaxTTL": 31536000,
                            "Compress": true,
                            "LambdaFunctionAssociations": {
                                "Quantity": 0
                            },
                            "FieldLevelEncryptionId": ""
                        }
                    ]
                },
                "CustomErrorResponses": {
                    "Quantity": 6,
                    "Items": [
                        {
                            "ErrorCode": 404,
                            "ResponsePagePath": "",
                            "ResponseCode": "",
                            "ErrorCachingMinTTL": 0
                        },
                        {
                            "ErrorCode": 500,
                            "ResponsePagePath": "",
                            "ResponseCode": "",
                            "ErrorCachingMinTTL": 0
                        },
                        {
                            "ErrorCode": 501,
                            "ResponsePagePath": "",
                            "ResponseCode": "",
                            "ErrorCachingMinTTL": 0
                        },
                        {
                            "ErrorCode": 502,
                            "ResponsePagePath": "",
                            "ResponseCode": "",
                            "ErrorCachingMinTTL": 0
                        },
                        {
                            "ErrorCode": 503,
                            "ResponsePagePath": "",
                            "ResponseCode": "",
                            "ErrorCachingMinTTL": 0
                        },
                        {
                            "ErrorCode": 504,
                            "ResponsePagePath": "",
                            "ResponseCode": "",
                            "ErrorCachingMinTTL": 0
                        }
                    ]
                },
                "Comment": "",
                "PriceClass": "PriceClass_200",
                "Enabled": true,
                "ViewerCertificate": {
                    "ACMCertificateArn": "arn:aws:acm:us-east-1:841787149052:certificate/f508050b-ee95-4063-b26f-9bb32592e39d",
                    "SSLSupportMethod": "sni-only",
                    "MinimumProtocolVersion": "TLSv1.1_2016",
                    "Certificate": "arn:aws:acm:us-east-1:841787149052:certificate/f508050b-ee95-4063-b26f-9bb32592e39d",
                    "CertificateSource": "acm"
                },
                "Restrictions": {
                    "GeoRestriction": {
                        "RestrictionType": "blacklist",
                        "Quantity": 1,
                        "Items": [
                            "RU"
                        ]
                    }
                },
                "WebACLId": "",
                "HttpVersion": "HTTP2",
                "IsIPV6Enabled": true
            },
            {
                "Id": "E2WB2KF1EP2TS3",
                "ARN": "arn:aws:cloudfront::841787149052:distribution/E2WB2KF1EP2TS3",
                "Status": "Deployed",
                "LastModifiedTime": "2018-08-07T04:43:47.340Z",
                "DomainName": "dmyy6l8i9570n.cloudfront.net",
                "Aliases": {
                    "Quantity": 0
                },
                "Origins": {
                    "Quantity": 2,
                    "Items": [
                        {
                            "Id": "ELB-tops-magento-frontend-staging-1815051375",
                            "DomainName": "tops-magento-frontend-staging-1815051375.ap-southeast-1.elb.amazonaws.com",
                            "OriginPath": "",
                            "CustomHeaders": {
                                "Quantity": 0
                            },
                            "CustomOriginConfig": {
                                "HTTPPort": 80,
                                "HTTPSPort": 443,
                                "OriginProtocolPolicy": "http-only",
                                "OriginSslProtocols": {
                                    "Quantity": 3,
                                    "Items": [
                                        "TLSv1",
                                        "TLSv1.1",
                                        "TLSv1.2"
                                    ]
                                },
                                "OriginReadTimeout": 30,
                                "OriginKeepaliveTimeout": 5
                            }
                        },
                        {
                            "Id": "ELB-tops-magento-admin-api-staging-711630261",
                            "DomainName": "tops-magento-admin-api-staging-711630261.ap-southeast-1.elb.amazonaws.com",
                            "OriginPath": "",
                            "CustomHeaders": {
                                "Quantity": 0
                            },
                            "CustomOriginConfig": {
                                "HTTPPort": 80,
                                "HTTPSPort": 443,
                                "OriginProtocolPolicy": "http-only",
                                "OriginSslProtocols": {
                                    "Quantity": 3,
                                    "Items": [
                                        "TLSv1",
                                        "TLSv1.1",
                                        "TLSv1.2"
                                    ]
                                },
                                "OriginReadTimeout": 30,
                                "OriginKeepaliveTimeout": 5
                            }
                        }
                    ]
                },
                "DefaultCacheBehavior": {
                    "TargetOriginId": "ELB-tops-magento-frontend-staging-1815051375",
                    "ForwardedValues": {
                        "QueryString": false,
                        "Cookies": {
                            "Forward": "none"
                        },
                        "Headers": {
                            "Quantity": 0
                        },
                        "QueryStringCacheKeys": {
                            "Quantity": 0
                        }
                    },
                    "TrustedSigners": {
                        "Enabled": false,
                        "Quantity": 0
                    },
                    "ViewerProtocolPolicy": "redirect-to-https",
                    "MinTTL": 0,
                    "AllowedMethods": {
                        "Quantity": 2,
                        "Items": [
                            "HEAD",
                            "GET"
                        ],
                        "CachedMethods": {
                            "Quantity": 2,
                            "Items": [
                                "HEAD",
                                "GET"
                            ]
                        }
                    },
                    "SmoothStreaming": false,
                    "DefaultTTL": 86400,
                    "MaxTTL": 31536000,
                    "Compress": true,
                    "LambdaFunctionAssociations": {
                        "Quantity": 0
                    },
                    "FieldLevelEncryptionId": ""
                },
                "CacheBehaviors": {
                    "Quantity": 1,
                    "Items": [
                        {
                            "PathPattern": "/media/*",
                            "TargetOriginId": "ELB-tops-magento-admin-api-staging-711630261",
                            "ForwardedValues": {
                                "QueryString": false,
                                "Cookies": {
                                    "Forward": "none"
                                },
                                "Headers": {
                                    "Quantity": 0
                                },
                                "QueryStringCacheKeys": {
                                    "Quantity": 0
                                }
                            },
                            "TrustedSigners": {
                                "Enabled": false,
                                "Quantity": 0
                            },
                            "ViewerProtocolPolicy": "redirect-to-https",
                            "MinTTL": 0,
                            "AllowedMethods": {
                                "Quantity": 2,
                                "Items": [
                                    "HEAD",
                                    "GET"
                                ],
                                "CachedMethods": {
                                    "Quantity": 2,
                                    "Items": [
                                        "HEAD",
                                        "GET"
                                    ]
                                }
                            },
                            "SmoothStreaming": false,
                            "DefaultTTL": 86400,
                            "MaxTTL": 31536000,
                            "Compress": true,
                            "LambdaFunctionAssociations": {
                                "Quantity": 0
                            },
                            "FieldLevelEncryptionId": ""
                        }
                    ]
                },
                "CustomErrorResponses": {
                    "Quantity": 0
                },
                "Comment": "",
                "PriceClass": "PriceClass_200",
                "Enabled": true,
                "ViewerCertificate": {
                    "CloudFrontDefaultCertificate": true,
                    "MinimumProtocolVersion": "TLSv1",
                    "CertificateSource": "cloudfront"
                },
                "Restrictions": {
                    "GeoRestriction": {
                        "RestrictionType": "none",
                        "Quantity": 0
                    }
                },
                "WebACLId": "",
                "HttpVersion": "HTTP2",
                "IsIPV6Enabled": true
            },
            {
                "Id": "E2EK24L0RYE1GS",
                "ARN": "arn:aws:cloudfront::841787149052:distribution/E2EK24L0RYE1GS",
                "Status": "Deployed",
                "LastModifiedTime": "2018-06-27T03:24:07.052Z",
                "DomainName": "d155j4ew5sq7jr.cloudfront.net",
                "Aliases": {
                    "Quantity": 1,
                    "Items": [
                        "uat.powerbuy.co.th"
                    ]
                },
                "Origins": {
                    "Quantity": 1,
                    "Items": [
                        {
                            "Id": "Custom-origin-uat.powerbuy.co.th",
                            "DomainName": "origin-uat.powerbuy.co.th",
                            "OriginPath": "",
                            "CustomHeaders": {
                                "Quantity": 0
                            },
                            "CustomOriginConfig": {
                                "HTTPPort": 80,
                                "HTTPSPort": 443,
                                "OriginProtocolPolicy": "https-only",
                                "OriginSslProtocols": {
                                    "Quantity": 3,
                                    "Items": [
                                        "TLSv1",
                                        "TLSv1.1",
                                        "TLSv1.2"
                                    ]
                                },
                                "OriginReadTimeout": 60,
                                "OriginKeepaliveTimeout": 5
                            }
                        }
                    ]
                },
                "DefaultCacheBehavior": {
                    "TargetOriginId": "Custom-origin-uat.powerbuy.co.th",
                    "ForwardedValues": {
                        "QueryString": true,
                        "Cookies": {
                            "Forward": "all"
                        },
                        "Headers": {
                            "Quantity": 8,
                            "Items": [
                                "Accept",
                                "Accept-Charset",
                                "Accept-Language",
                                "Authority",
                                "Authorization",
                                "Origin",
                                "Referer",
                                "X-Requested-With"
                            ]
                        },
                        "QueryStringCacheKeys": {
                            "Quantity": 1,
                            "Items": [
                                "force_cache"
                            ]
                        }
                    },
                    "TrustedSigners": {
                        "Enabled": false,
                        "Quantity": 0
                    },
                    "ViewerProtocolPolicy": "redirect-to-https",
                    "MinTTL": 0,
                    "AllowedMethods": {
                        "Quantity": 7,
                        "Items": [
                            "HEAD",
                            "DELETE",
                            "POST",
                            "GET",
                            "OPTIONS",
                            "PUT",
                            "PATCH"
                        ],
                        "CachedMethods": {
                            "Quantity": 2,
                            "Items": [
                                "HEAD",
                                "GET"
                            ]
                        }
                    },
                    "SmoothStreaming": false,
                    "DefaultTTL": 0,
                    "MaxTTL": 0,
                    "Compress": true,
                    "LambdaFunctionAssociations": {
                        "Quantity": 0
                    },
                    "FieldLevelEncryptionId": ""
                },
                "CacheBehaviors": {
                    "Quantity": 3,
                    "Items": [
                        {
                            "PathPattern": "/media/*",
                            "TargetOriginId": "Custom-origin-uat.powerbuy.co.th",
                            "ForwardedValues": {
                                "QueryString": false,
                                "Cookies": {
                                    "Forward": "none"
                                },
                                "Headers": {
                                    "Quantity": 0
                                },
                                "QueryStringCacheKeys": {
                                    "Quantity": 0
                                }
                            },
                            "TrustedSigners": {
                                "Enabled": false,
                                "Quantity": 0
                            },
                            "ViewerProtocolPolicy": "redirect-to-https",
                            "MinTTL": 0,
                            "AllowedMethods": {
                                "Quantity": 2,
                                "Items": [
                                    "HEAD",
                                    "GET"
                                ],
                                "CachedMethods": {
                                    "Quantity": 2,
                                    "Items": [
                                        "HEAD",
                                        "GET"
                                    ]
                                }
                            },
                            "SmoothStreaming": false,
                            "DefaultTTL": 86400,
                            "MaxTTL": 31536000,
                            "Compress": true,
                            "LambdaFunctionAssociations": {
                                "Quantity": 0
                            },
                            "FieldLevelEncryptionId": ""
                        },
                        {
                            "PathPattern": "/static/*",
                            "TargetOriginId": "Custom-origin-uat.powerbuy.co.th",
                            "ForwardedValues": {
                                "QueryString": false,
                                "Cookies": {
                                    "Forward": "none"
                                },
                                "Headers": {
                                    "Quantity": 0
                                },
                                "QueryStringCacheKeys": {
                                    "Quantity": 0
                                }
                            },
                            "TrustedSigners": {
                                "Enabled": false,
                                "Quantity": 0
                            },
                            "ViewerProtocolPolicy": "redirect-to-https",
                            "MinTTL": 0,
                            "AllowedMethods": {
                                "Quantity": 2,
                                "Items": [
                                    "HEAD",
                                    "GET"
                                ],
                                "CachedMethods": {
                                    "Quantity": 2,
                                    "Items": [
                                        "HEAD",
                                        "GET"
                                    ]
                                }
                            },
                            "SmoothStreaming": false,
                            "DefaultTTL": 300,
                            "MaxTTL": 300,
                            "Compress": true,
                            "LambdaFunctionAssociations": {
                                "Quantity": 0
                            },
                            "FieldLevelEncryptionId": ""
                        },
                        {
                            "PathPattern": "/maintenance/*",
                            "TargetOriginId": "Custom-origin-uat.powerbuy.co.th",
                            "ForwardedValues": {
                                "QueryString": false,
                                "Cookies": {
                                    "Forward": "none"
                                },
                                "Headers": {
                                    "Quantity": 0
                                },
                                "QueryStringCacheKeys": {
                                    "Quantity": 0
                                }
                            },
                            "TrustedSigners": {
                                "Enabled": false,
                                "Quantity": 0
                            },
                            "ViewerProtocolPolicy": "redirect-to-https",
                            "MinTTL": 0,
                            "AllowedMethods": {
                                "Quantity": 2,
                                "Items": [
                                    "HEAD",
                                    "GET"
                                ],
                                "CachedMethods": {
                                    "Quantity": 2,
                                    "Items": [
                                        "HEAD",
                                        "GET"
                                    ]
                                }
                            },
                            "SmoothStreaming": false,
                            "DefaultTTL": 86400,
                            "MaxTTL": 31536000,
                            "Compress": false,
                            "LambdaFunctionAssociations": {
                                "Quantity": 0
                            },
                            "FieldLevelEncryptionId": ""
                        }
                    ]
                },
                "CustomErrorResponses": {
                    "Quantity": 6,
                    "Items": [
                        {
                            "ErrorCode": 404,
                            "ResponsePagePath": "",
                            "ResponseCode": "",
                            "ErrorCachingMinTTL": 0
                        },
                        {
                            "ErrorCode": 500,
                            "ResponsePagePath": "",
                            "ResponseCode": "",
                            "ErrorCachingMinTTL": 0
                        },
                        {
                            "ErrorCode": 501,
                            "ResponsePagePath": "",
                            "ResponseCode": "",
                            "ErrorCachingMinTTL": 0
                        },
                        {
                            "ErrorCode": 502,
                            "ResponsePagePath": "",
                            "ResponseCode": "",
                            "ErrorCachingMinTTL": 0
                        },
                        {
                            "ErrorCode": 503,
                            "ResponsePagePath": "",
                            "ResponseCode": "",
                            "ErrorCachingMinTTL": 0
                        },
                        {
                            "ErrorCode": 504,
                            "ResponsePagePath": "",
                            "ResponseCode": "",
                            "ErrorCachingMinTTL": 0
                        }
                    ]
                },
                "Comment": "",
                "PriceClass": "PriceClass_200",
                "Enabled": true,
                "ViewerCertificate": {
                    "ACMCertificateArn": "arn:aws:acm:us-east-1:841787149052:certificate/f508050b-ee95-4063-b26f-9bb32592e39d",
                    "SSLSupportMethod": "sni-only",
                    "MinimumProtocolVersion": "TLSv1.1_2016",
                    "Certificate": "arn:aws:acm:us-east-1:841787149052:certificate/f508050b-ee95-4063-b26f-9bb32592e39d",
                    "CertificateSource": "acm"
                },
                "Restrictions": {
                    "GeoRestriction": {
                        "RestrictionType": "blacklist",
                        "Quantity": 1,
                        "Items": [
                            "RU"
                        ]
                    }
                },
                "WebACLId": "",
                "HttpVersion": "HTTP2",
                "IsIPV6Enabled": true
            }
        ]
    }
}
