{
    "blueprints": [
        {
            "blueprintId": "windows_server_2016_2018_07_11",
            "name": "Windows Server 2016",
            "group": "windows_2016",
            "type": "os",
            "description": "Amazon Lightsail helps you build, deploy, scale, and manage Microsoft applications quickly, easily, and cost effectively with Windows Server 2016. For business IT applications, Lightsail runs Windows-based solutions in a secure, easily managed, and performant cloud environment. For Microsoft developers, Windows Server on Lightsail provides a flexible and agile development platform, integrated with .NET to help accelerate development cycles.",
            "isActive": true,
            "minPower": 0,
            "version": "2018.07.11",
            "versionCode": "1",
            "productUrl": "https://aws.amazon.com/marketplace/pp/B01M7SJEU7",
            "licenseUrl": "https://d7umqicpi7263.cloudfront.net/eula/product/13c2dbc9-57fc-4958-922e-a1ba7e223b0d/fdfd055c-b2ff-4c64-a699-504da826ccd4.txt",
            "platform": "WINDOWS"
        },
        {
            "blueprintId": "windows_server_2012_2018_07_11",
            "name": "Windows Server 2012 R2",
            "group": "windows_2012",
            "type": "os",
            "description": "Amazon Lightsail helps you build, deploy, scale, and manage Microsoft applications quickly, easily, and cost effectively with Windows Server 2012 R2. For business IT applications, Lightsail runs Windows-based solutions in a secure, easily managed, and performant cloud environment. For Microsoft developers, Windows Server on Lightsail provides a flexible and agile development platform, integrated with .NET to help accelerate development cycles.",
            "isActive": true,
            "minPower": 0,
            "version": "2018.07.11",
            "versionCode": "1",
            "productUrl": "https://aws.amazon.com/marketplace/pp/B00KQOWCAQ",
            "licenseUrl": "https://d7umqicpi7263.cloudfront.net/eula/product/0be26530-fe62-4f93-91d1-96c810c19d42/4bedc10c-144d-40b4-98a1-373c3e82422c.txt",
            "platform": "WINDOWS"
        },
        {
            "blueprintId": "windows_server_2016_sql_2016_express_2018_07_11",
            "name": "SQL Server 2016 Express",
            "group": "windows_2016_sql_exp",
            "type": "app",
            "description": "Amazon Lightsail helps you build and manage Windows-based websites and small applications quickly, easily, and cost effectively with Windows Server 2016, and includes Microsoft SQL Server Express, an entry level SQL Server database. For business IT applications, Lightsail runs Windows-based solutions in a secure, easily managed, and performant cloud environment. For Microsoft developers, Windows Server on Lightsail provides a flexible and agile development platform, integrated with .NET to help accelerate development cycles.",
            "isActive": true,
            "minPower": 1000,
            "version": "2018.07.11",
            "versionCode": "1",
            "productUrl": "https://aws.amazon.com/marketplace/pp/B01MAZHH98",
            "licenseUrl": "https://d7umqicpi7263.cloudfront.net/eula/product/8cc08a34-71ca-4339-bb3c-3d53f0b798be/ba69abb7-742e-4457-8c62-5834d8186e78.txt",
            "platform": "WINDOWS"
        },
        {
            "blueprintId": "amazon_linux_2018_03_0_1",
            "name": "Amazon Linux",
            "group": "amazon-linux",
            "type": "os",
            "description": "Amazon Linux AMI (HVM / 64-bit). The Amazon Linux AMI is a supported and maintained Linux image provided by Amazon Web Services for use on Amazon Elastic Compute Cloud (Amazon EC2). It is designed to provide a stable, secure, and high performance execution environment for applications running on Amazon EC2. It also includes packages that enable easy integration with AWS, including launch configuration tools and many popular AWS libraries and tools. Amazon Web Services provides ongoing security and maintenance updates to all instances running the Amazon Linux AMI. The Amazon Linux AMI is provided at no additional charge to Amazon EC2 users.",
            "isActive": true,
            "minPower": 0,
            "version": "2018.03.0",
            "versionCode": "1",
            "productUrl": "https://aws.amazon.com/marketplace/pp/B00CIYTQTC",
            "licenseUrl": "https://d7umqicpi7263.cloudfront.net/eula/product/f37c8255-1ff9-48bd-b5da-b5046f4fee68/17864b80-f5b6-4f0a-aa26-7346ef135ebc.txt",
            "platform": "LINUX_UNIX"
        },
        {
            "blueprintId": "ubuntu_16_04_2",
            "name": "Ubuntu",
            "group": "ubuntu",
            "type": "os",
            "description": "Ubuntu 16.04 LTS - Xenial (HVM). Lean, fast and powerful, Ubuntu Server delivers services reliably, predictably and economically. It is the perfect base on which to build your instances. Ubuntu is free and will always be, and you have the option to get support and Landscape from Canonical.",
            "isActive": true,
            "minPower": 0,
            "version": "16.04 LTS",
            "versionCode": "1",
            "productUrl": "https://aws.amazon.com/marketplace/pp/B01JBL2M0O",
            "licenseUrl": "https://d7umqicpi7263.cloudfront.net/eula/product/d83d0782-cb94-46d7-8993-f4ce15d1a484/6b096ad5-0ca9-48bd-9229-f4148f8e3e58.txt",
            "platform": "LINUX_UNIX"
        },
        {
            "blueprintId": "debian_8_7",
            "name": "Debian",
            "group": "debian",
            "type": "os",
            "description": "Debian GNU/Linux 8 (Jessie). Debian is a computer operating system composed of software packages released as free and open source software primarily under the GNU General Public License along with other free software licenses. Debian GNU/Linux, which includes the GNU OS tools and Linux kernel, is a popular and influential Linux distribution. It is distributed with access to repositories containing thousands of software packages ready for installation and use.",
            "isActive": true,
            "minPower": 0,
            "version": "8.7",
            "versionCode": "1",
            "productUrl": "https://aws.amazon.com/marketplace/pp/B00WUNJIEE",
            "licenseUrl": "https://d7umqicpi7263.cloudfront.net/eula/product/39d3917e-ff4e-4597-848e-4d0fdf8529e6/b0824fd5-5136-4a64-bc23-569a8b8d0bdd.txt",
            "platform": "LINUX_UNIX"
        },
        {
            "blueprintId": "freebsd_11_1",
            "name": "FreeBSD",
            "group": "freebsd",
            "type": "os",
            "description": "FreeBSD is an operating system used to power servers, desktops, and embedded systems. Derived from BSD, the version of UNIX developed at the University of California, Berkeley, FreeBSD has been continually developed by a large community for more than 30 years. FreeBSD's networking, security, storage, and monitoring features, including the pf firewall, the Capsicum and CloudABI capability frameworks, the ZFS filesystem, and the DTrace dynamic tracing framework, make FreeBSD the platform of choice for many of the busiest web sites and most pervasive embedded networking and storage systems.",
            "isActive": true,
            "minPower": 0,
            "version": "11.1",
            "versionCode": "1",
            "productUrl": "https://aws.amazon.com/marketplace/pp/B01LWSWRED",
            "licenseUrl": "https://d7umqicpi7263.cloudfront.net/eula/product/bc4e6908-719b-4c0d-bab6-d5e6a707dbe3/3a6b30d2-3899-4a52-9985-fdbb262fcec0.txt",
            "platform": "LINUX_UNIX"
        },
        {
            "blueprintId": "opensuse_42_2",
            "name": "openSUSE",
            "group": "opensuse",
            "type": "os",
            "description": "openSUSE Leap. The openSUSE distribution is a stable, easy to use and complete multi-purpose Linux distribution. It is aimed towards users and developers working on the desktop or server. It is great for beginners, experienced users and ultra geeks alike, in short, it is perfect for everybody!",
            "isActive": true,
            "minPower": 0,
            "version": "42.2",
            "versionCode": "1",
            "productUrl": "https://aws.amazon.com/marketplace/pp/B01N4R3GJI",
            "licenseUrl": "https://d7umqicpi7263.cloudfront.net/eula/product/5535c495-72d4-4355-b169-54ffa874f849/94660c58-98ba-4457-9f18-193ba40d4eda.txt",
            "platform": "LINUX_UNIX"
        },
        {
            "blueprintId": "centos_7_1805_01",
            "name": "CentOS",
            "group": "centos",
            "type": "os",
            "description": "CentOS Linux is a community-supported distribution derived from the sources of Red Hat Enterprise Linux (RHEL) that are freely provided to the public. CentOS Linux is designed to be functionally compatible with RHEL and provides a stable, predictable, manageable and reproducible Linux environment. This image is the official CentOS-7 image (CentOS-7 x86_64 HVM), built with a minimal profile, and suitable for use with all sizes of Lightsail instance. The image contains just enough packages to run within Lightsail, bring up an SSH server and enable users to log in. This CentOS-7 image also contains packages that are updated at points in time to include critical security updates.",
            "isActive": true,
            "minPower": 0,
            "version": "7 1805-01",
            "versionCode": "1",
            "productUrl": "https://aws.amazon.com/marketplace/pp/B00O7WM7QW",
            "licenseUrl": "https://d7umqicpi7263.cloudfront.net/eula/product/b7ee8a69-ee97-4a49-9e68-afaee216db2e/fe5bd6cc-69c3-4157-8111-ced61ea4d8d2.txt",
            "platform": "LINUX_UNIX"
        },
        {
            "blueprintId": "wordpress_4_9_6",
            "name": "WordPress",
            "group": "wordpress",
            "type": "app",
            "description": "WordPress powered by Bitnami and sold by BitRock Inc. is a pre-configured, ready to run image for running WordPress on Amazon EC2. WordPress is one of the world's most popular web publishing platforms for building blogs and websites. It can be customized via a wide selection of themes, extensions and plug-ins.",
            "isActive": true,
            "minPower": 0,
            "version": "4.9.6",
            "versionCode": "1",
            "productUrl": "https://aws.amazon.com/marketplace/pp/B00NN8Y43U",
            "licenseUrl": "https://d7umqicpi7263.cloudfront.net/eula/product/7d426cb7-9522-4dd7-a56b-55dd8cc1c8d0/588fd495-6492-4610-b3e8-d15ce864454c.txt",
            "platform": "LINUX_UNIX"
        },
        {
            "blueprintId": "lamp_5_6_36",
            "name": "LAMP Stack",
            "group": "lamp",
            "type": "app",
            "description": "LAMP powered by Bitnami and sold by BitRock Inc. greatly simplifies the development and deployment of PHP applications. It includes ready-to-run versions of Apache, MySQL, PHP and phpMyAdmin and all of the other software required to run each of those components. Bitnami LAMPStack is completely integrated and configured, so you'll be ready to start developing your application as soon as the AMI is launched onto Amazon EC2. Bitnami LAMPStack is regularly updated to make sure that you always have access to the latest stable releases of each of the bundled components.",
            "isActive": true,
            "minPower": 0,
            "version": "5.6.36",
            "versionCode": "1",
            "productUrl": "https://aws.amazon.com/marketplace/pp/B00NNZUY96",
            "licenseUrl": "https://d7umqicpi7263.cloudfront.net/eula/product/963e08a0-1e5f-40b3-9a1d-72ae322da2ac/a4d04b7f-6702-4b42-ac08-be48114cd6e8.txt",
            "platform": "LINUX_UNIX"
        },
        {
            "blueprintId": "nodejs_10_1_0",
            "name": "Node.js",
            "group": "node",
            "type": "app",
            "description": "Node.js powered by Bitnami and sold by BitRock Inc. is a pre-configured, ready to run image for running Node.js on Amazon EC2. Node.js is a platform built on Chromes JavaScript runtime for easily building fast, scalable network applications. It uses an event-driven, non-blocking I/O model that makes it lightweight and efficient.",
            "isActive": true,
            "minPower": 0,
            "version": "10.1.0",
            "versionCode": "1",
            "productUrl": "https://aws.amazon.com/marketplace/pp/B00NNZUAKO",
            "licenseUrl": "https://d7umqicpi7263.cloudfront.net/eula/product/033793fe-951d-47d0-aa94-5fbd0afb3582/25f8fa66-c868-4d80-adf8-4a2b602064ae.txt",
            "platform": "LINUX_UNIX"
        },
        {
            "blueprintId": "joomla_3_8_8",
            "name": "Joomla",
            "group": "joomla",
            "type": "app",
            "description": "Joomla! powered by Bitnami and sold by BitRock Inc. is a pre-configured, ready to run image for running Joomla! on Amazon EC2. Joomla! is an award-winning content management system that can be used to build personal/corporate websites or portals, small business websites, non-profit and organizational websites.",
            "isActive": true,
            "minPower": 0,
            "version": "3.8.8",
            "versionCode": "1",
            "productUrl": "https://aws.amazon.com/marketplace/pp/B00NNZUP54",
            "licenseUrl": "https://d7umqicpi7263.cloudfront.net/eula/product/b91c0e2b-c5bc-4c86-b5ad-7513770d4fc3/c08a40f3-db2a-4105-b764-46726a0633eb.txt",
            "platform": "LINUX_UNIX"
        },
        {
            "blueprintId": "magento_2_2_4",
            "name": "Magento",
            "group": "magento",
            "type": "app",
            "description": "Magento powered by Bitnami and sold by BitRock Inc. is a pre-configured, ready to run image for running Magento on Amazon EC2. Magento is a feature-rich flexible e-commerce solution. It includes transaction options, multi-store functionality, loyalty programs, product categorization, shopper filtering, promotion rules, and more.",
            "isActive": true,
            "minPower": 0,
            "version": "2.2.4",
            "versionCode": "1",
            "productUrl": "https://aws.amazon.com/marketplace/pp/B00NNZTA6Y",
            "licenseUrl": "https://d7umqicpi7263.cloudfront.net/eula/product/16023473-10a0-433b-a56a-8d0a014a0a53/03677067-b51a-4092-bc6b-b958e5f10d69.txt",
            "platform": "LINUX_UNIX"
        },
        {
            "blueprintId": "mean_3_6_5",
            "name": "MEAN",
            "group": "mean",
            "type": "app",
            "description": "MEAN powered by Bitnami and sold by BitRock Inc. provides a complete development environment for mongoDB and Node.js that can be deployed in one click. It includes the latest stable release of mongoDB, Express, Angular, Node.js, Git, PHP and RockMongo.",
            "isActive": true,
            "minPower": 0,
            "version": "3.6.5",
            "versionCode": "1",
            "productUrl": "https://aws.amazon.com/marketplace/pp/B00NO1HJ56",
            "licenseUrl": "https://d7umqicpi7263.cloudfront.net/eula/product/963e08a0-1e5f-40b3-9a1d-72ae322da2ac/a4d04b7f-6702-4b42-ac08-be48114cd6e8.txt",
            "platform": "LINUX_UNIX"
        },
        {
            "blueprintId": "drupal_8_5_3_1",
            "name": "Drupal",
            "group": "drupal",
            "type": "app",
            "description": "Drupal powered by Bitnami and sold by BitRock Inc. is a pre-configured, ready to run image for running Drupal on Amazon EC2. Drupal is a content management platform that allows users to easily publish, manage and organize content. It is used for community web portals, discussion sites, corporate web sites and more. It is easy to extend by plugging in modules. After installation, please follow the Bitnami Drupal User Guide documentation to successfully install the SMTP module and configure outbound email settings.",
            "isActive": true,
            "minPower": 0,
            "version": "8.5.3-1",
            "versionCode": "1",
            "productUrl": "https://aws.amazon.com/marketplace/pp/B00NNZSUMO",
            "licenseUrl": "https://d7umqicpi7263.cloudfront.net/eula/product/92c77297-cef5-4be2-8ed3-98e2fe309d5c/daf83560-7db1-4cd5-97d9-a8cb8348fabf.txt",
            "platform": "LINUX_UNIX"
        },
        {
            "blueprintId": "gitlab_10_8_1",
            "name": "GitLab CE",
            "group": "gitlab",
            "type": "app",
            "description": "GitLab Community Edition (CE) powered by Bitnami and sold by BitRock Inc. is a pre-configured, ready to run image for running GitLab on Amazon EC2. GitLab is self-hosted Git management software that's fast, secure, and based on Ruby on Rails. GitLab CI (also included) is an open-source Continuous Integration (CI) server closely integrated with Git and GitLab.",
            "isActive": true,
            "minPower": 0,
            "version": "10.8.1",
            "versionCode": "1",
            "productUrl": "https://aws.amazon.com/marketplace/pp/B00NNZU5PO",
            "licenseUrl": "https://d7umqicpi7263.cloudfront.net/eula/product/b7dabc33-bcd2-4a72-80fb-d3d83894831d/def0581a-4fbd-4a5a-8315-66bcc08307b9.txt",
            "platform": "LINUX_UNIX"
        },
        {
            "blueprintId": "redmine_3_4_5",
            "name": "Redmine",
            "group": "redmine",
            "type": "app",
            "description": "Redmine powered by Bitnami and sold by BitRock Inc. is a pre-configured, ready to run image for running Redmine on Amazon EC2. Redmine is a flexible project management web application. It includes support for multiple projects, role-based access control, Gantt chart and calendar, management of news, documents and files, per-project wikis and forums, SCM integration and more.",
            "isActive": true,
            "minPower": 0,
            "version": "3.4.5",
            "versionCode": "1",
            "productUrl": "https://aws.amazon.com/marketplace/pp/B00NNZUVHQ",
            "licenseUrl": "https://d7umqicpi7263.cloudfront.net/eula/product/ee6977a6-d6da-4671-885e-dd9c02ec5def/e46b414e-6323-4647-952f-d456846302da.txt",
            "platform": "LINUX_UNIX"
        },
        {
            "blueprintId": "nginx_1_14_0",
            "name": "Nginx",
            "group": "nginx",
            "type": "app",
            "description": "Nginx powered by Bitnami and sold by BitRock Inc. provides a complete PHP, MySQL and Nginx development environment that can be launched in one click. It also bundles phpMyAdmin, SQLite, ImageMagick, FastCGI, Memcache, GD, CURL, PEAR, PECL and other components.",
            "isActive": true,
            "minPower": 0,
            "version": "1.14.0",
            "versionCode": "1",
            "productUrl": "https://aws.amazon.com/marketplace/pp/B00NPHKI3Y",
            "licenseUrl": "https://d7umqicpi7263.cloudfront.net/eula/product/f5774628-e459-457a-b058-3b513caefdee/ccab4d3c-7d26-47ba-b9de-8025c46eebe5.txt",
            "platform": "LINUX_UNIX"
        },
        {
            "blueprintId": "plesk_ubuntu_17_8_11_1",
            "name": "Plesk Hosting Stack on Ubuntu",
            "group": "plesk_ubuntu",
            "type": "app",
            "description": "Build, secure, and run websites and applications on Amazon Lightsail and AWS using the Hosting Stack powered by Plesk. This includes all your web-based server management and security tools, plus WordPress automation in a graphical user interface. It simplifies the work of web professionals and provides the scalability, security, and performance that your customers need.",
            "isActive": true,
            "minPower": 500,
            "version": "17.8.11",
            "versionCode": "1",
            "productUrl": "https://aws.amazon.com/marketplace/pp/B077MJL7Z2",
            "licenseUrl": "https://d7umqicpi7263.cloudfront.net/eula/product/9e3e4089-d350-49f4-9988-c70d95c75c49/02d5b328-f4c7-4c30-8c08-63762ec65155.txt",
            "platform": "LINUX_UNIX"
        }
    ]
}
