{
    "Functions": [
        {
            "FunctionName": "Producer",
            "FunctionArn": "arn:aws:lambda:ap-southeast-1:841787149052:function:Producer",
            "Runtime": "nodejs6.10",
            "Role": "arn:aws:iam::841787149052:role/service-role/Producer_Lambda",
            "Handler": "index.handler",
            "CodeSize": 4729937,
            "Description": "",
            "Timeout": 10,
            "MemorySize": 128,
            "LastModified": "2017-05-29T05:44:16.923+0000",
            "CodeSha256": "W46VmVFQIO9pWH5A24dkU7MMUY00Cex3pzW1YmmCPsc=",
            "Version": "$LATEST",
            "VpcConfig": {
                "SubnetIds": [],
                "SecurityGroupIds": [],
                "VpcId": ""
            },
            "TracingConfig": {
                "Mode": "PassThrough"
            },
            "RevisionId": "b8d48f38-d4ee-4322-b329-aef585d78c70"
        },
        {
            "FunctionName": "start_stop",
            "FunctionArn": "arn:aws:lambda:ap-southeast-1:841787149052:function:start_stop",
            "Runtime": "python3.6",
            "Role": "arn:aws:iam::841787149052:role/start_stop_instance",
            "Handler": "lambda_function.lambda_handler",
            "CodeSize": 2101,
            "Description": "",
            "Timeout": 3,
            "MemorySize": 128,
            "LastModified": "2018-08-10T09:40:53.443+0000",
            "CodeSha256": "MYipxSd3mQGVlslYrMJXG6DbWNK0vHGi9LF1hNf3dW4=",
            "Version": "$LATEST",
            "VpcConfig": {
                "SubnetIds": [],
                "SecurityGroupIds": [],
                "VpcId": ""
            },
            "TracingConfig": {
                "Mode": "PassThrough"
            },
            "RevisionId": "81c7d3c6-7e72-4337-9dfb-3dde15792995"
        },
        {
            "FunctionName": "pwb-scaler-dev",
            "FunctionArn": "arn:aws:lambda:ap-southeast-1:841787149052:function:pwb-scaler-dev",
            "Runtime": "go1.x",
            "Role": "arn:aws:iam::841787149052:role/pwb-scaler-role-dev",
            "Handler": "pwbscaler-lambda",
            "CodeSize": 5564598,
            "Description": "",
            "Timeout": 3,
            "MemorySize": 128,
            "LastModified": "2018-06-06T15:06:00.820+0000",
            "CodeSha256": "I32dnsL79bQpITVBiow+qbwijHxpx+ESFWqWNfdeBA0=",
            "Version": "$LATEST",
            "VpcConfig": {
                "SubnetIds": [],
                "SecurityGroupIds": [],
                "VpcId": ""
            },
            "Environment": {
                "Variables": {
                    "PWBSCALER_PROCESS_PER_NODE": "32"
                }
            },
            "TracingConfig": {
                "Mode": "PassThrough"
            },
            "RevisionId": "bcf32964-c152-4ce8-b55b-1d761a9df99c"
        },
        {
            "FunctionName": "LogsToElasticsearch_viz",
            "FunctionArn": "arn:aws:lambda:ap-southeast-1:841787149052:function:LogsToElasticsearch_viz",
            "Runtime": "nodejs4.3",
            "Role": "arn:aws:iam::841787149052:role/ESStream",
            "Handler": "index.handler",
            "CodeSize": 2553,
            "Description": "CloudWatch Logs to Amazon ES streaming",
            "Timeout": 60,
            "MemorySize": 128,
            "LastModified": "2017-08-02T09:01:57.929+0000",
            "CodeSha256": "p9MRcsTa5m/WFxJYprug4uYRwyKo5fSYoD5wtT38Q2Q=",
            "Version": "$LATEST",
            "TracingConfig": {
                "Mode": "PassThrough"
            },
            "RevisionId": "e13c88ed-d65e-440f-9f50-d8e37b3c57ad"
        },
        {
            "FunctionName": "ManhattanGW",
            "FunctionArn": "arn:aws:lambda:ap-southeast-1:841787149052:function:ManhattanGW",
            "Runtime": "nodejs6.10",
            "Role": "arn:aws:iam::841787149052:role/Manhattan-APIGW",
            "Handler": "index.handler",
            "CodeSize": 8195177,
            "Description": "Manhattan Api Gateway",
            "Timeout": 10,
            "MemorySize": 128,
            "LastModified": "2017-09-19T10:24:30.566+0000",
            "CodeSha256": "W9Jyt2JiOK2IYEQKbeG570GAn0s6uDTzYyBJh6q5yfk=",
            "Version": "$LATEST",
            "TracingConfig": {
                "Mode": "PassThrough"
            },
            "RevisionId": "0956cb3d-05fd-4b14-aa77-65712b73bc1c"
        },
        {
            "FunctionName": "centralized-log-dev",
            "FunctionArn": "arn:aws:lambda:ap-southeast-1:841787149052:function:centralized-log-dev",
            "Runtime": "python3.6",
            "Role": "arn:aws:iam::841787149052:role/service-role/centralized-log-dev",
            "Handler": "lambda_function.lambda_handler",
            "CodeSize": 229,
            "Description": "",
            "Timeout": 3,
            "MemorySize": 128,
            "LastModified": "2018-05-18T14:46:06.473+0000",
            "CodeSha256": "w5IzteCjPM51Mm5Q7iWNEzvwXO7UwbB/wncyb191698=",
            "Version": "$LATEST",
            "TracingConfig": {
                "Mode": "PassThrough"
            },
            "RevisionId": "e57913a8-9f9c-4905-a965-c64e0946f306"
        },
        {
            "FunctionName": "LogsToElasticsearch_ofm",
            "FunctionArn": "arn:aws:lambda:ap-southeast-1:841787149052:function:LogsToElasticsearch_ofm",
            "Runtime": "nodejs4.3",
            "Role": "arn:aws:iam::841787149052:role/service-role/Producer_Lambda",
            "Handler": "index.handler",
            "CodeSize": 2554,
            "Description": "CloudWatch Logs to Amazon ES streaming",
            "Timeout": 60,
            "MemorySize": 128,
            "LastModified": "2017-09-06T07:59:53.879+0000",
            "CodeSha256": "dT8KFtEt6v1EBXFeucr87MdEvpZmhv5IYI9Ckp+HCZA=",
            "Version": "$LATEST",
            "TracingConfig": {
                "Mode": "PassThrough"
            },
            "RevisionId": "a9b9e3a7-f04b-4a20-89f6-8a006da885dd"
        },
        {
            "FunctionName": "pwb-scaler-prod",
            "FunctionArn": "arn:aws:lambda:ap-southeast-1:841787149052:function:pwb-scaler-prod",
            "Runtime": "go1.x",
            "Role": "arn:aws:iam::841787149052:role/pwb-scaler-role-dev",
            "Handler": "pwbscaler-lambda",
            "CodeSize": 3777623,
            "Description": "",
            "Timeout": 3,
            "MemorySize": 128,
            "LastModified": "2018-06-29T05:36:49.181+0000",
            "CodeSha256": "XvuV3MgIHgRGLT+XC+TqyQnFoHBFnzxsE/taHMk0vXI=",
            "Version": "$LATEST",
            "VpcConfig": {
                "SubnetIds": [],
                "SecurityGroupIds": [],
                "VpcId": ""
            },
            "Environment": {
                "Variables": {
                    "PWBSCALER_PROCESS_PER_NODE": "32",
                    "ENV": "prod"
                }
            },
            "TracingConfig": {
                "Mode": "PassThrough"
            },
            "RevisionId": "bd990ef0-dc94-4245-8a87-706c416d7403"
        },
        {
            "FunctionName": "stop_ec2_instance",
            "FunctionArn": "arn:aws:lambda:ap-southeast-1:841787149052:function:stop_ec2_instance",
            "Runtime": "nodejs6.10",
            "Role": "arn:aws:iam::841787149052:role/lambda_start_stop_ec2",
            "Handler": "exports.handler",
            "CodeSize": 401,
            "Description": "i-0009688a5d5dd62e0",
            "Timeout": 3,
            "MemorySize": 128,
            "LastModified": "2017-07-30T09:10:47.316+0000",
            "CodeSha256": "klZ/PXkqvXA4UfqQX0nvbk87KVm7djcVvvznbtNOg9A=",
            "Version": "$LATEST",
            "TracingConfig": {
                "Mode": "PassThrough"
            },
            "RevisionId": "92bd5c8d-bc42-48bb-9a51-7f0d47b8101b"
        },
        {
            "FunctionName": "Backup-EC2",
            "FunctionArn": "arn:aws:lambda:ap-southeast-1:841787149052:function:Backup-EC2",
            "Runtime": "nodejs6.10",
            "Role": "arn:aws:iam::841787149052:role/service-role/test",
            "Handler": "index.handler",
            "CodeSize": 5007338,
            "Description": "",
            "Timeout": 3,
            "MemorySize": 128,
            "LastModified": "2017-05-23T09:05:22.302+0000",
            "CodeSha256": "zt8j8uU03NHIfNgKXybGskWSN5o/LlM4gyEteWbdNbU=",
            "Version": "$LATEST",
            "TracingConfig": {
                "Mode": "PassThrough"
            },
            "RevisionId": "6ac28a37-3528-466c-aeef-1c9f278a61cb"
        },
        {
            "FunctionName": "LogsToElasticsearch_viz2",
            "FunctionArn": "arn:aws:lambda:ap-southeast-1:841787149052:function:LogsToElasticsearch_viz2",
            "Runtime": "nodejs4.3",
            "Role": "arn:aws:iam::841787149052:role/ESStream",
            "Handler": "index.handler",
            "CodeSize": 2556,
            "Description": "CloudWatch Logs to Amazon ES streaming",
            "Timeout": 60,
            "MemorySize": 128,
            "LastModified": "2017-09-11T07:35:13.737+0000",
            "CodeSha256": "7dsev4Rplyo/z82E9evPhGkTQLUSWoWZsoDVXImwpRY=",
            "Version": "$LATEST",
            "TracingConfig": {
                "Mode": "PassThrough"
            },
            "RevisionId": "e4ac6691-5350-4bb8-b274-6f7f8f34d889"
        },
        {
            "FunctionName": "LogsToElasticsearch_officemate",
            "FunctionArn": "arn:aws:lambda:ap-southeast-1:841787149052:function:LogsToElasticsearch_officemate",
            "Runtime": "nodejs4.3",
            "Role": "arn:aws:iam::841787149052:role/service-role/Producer_Lambda",
            "Handler": "index.handler",
            "CodeSize": 2559,
            "Description": "CloudWatch Logs to Amazon ES streaming",
            "Timeout": 60,
            "MemorySize": 128,
            "LastModified": "2017-08-04T17:56:02.121+0000",
            "CodeSha256": "g0Pjg8eQR1BwARznPueLbbZuM/MxddyZxmrrcANsEK0=",
            "Version": "$LATEST",
            "TracingConfig": {
                "Mode": "PassThrough"
            },
            "RevisionId": "dd145790-5046-4e33-aaf3-c2365b577c16"
        },
        {
            "FunctionName": "start_ec2_instance",
            "FunctionArn": "arn:aws:lambda:ap-southeast-1:841787149052:function:start_ec2_instance",
            "Runtime": "nodejs4.3",
            "Role": "arn:aws:iam::841787149052:role/lambda_start_stop_ec2",
            "Handler": "export.handler",
            "CodeSize": 399,
            "Description": "i-0009688a5d5dd62e0",
            "Timeout": 3,
            "MemorySize": 128,
            "LastModified": "2017-07-30T08:59:47.665+0000",
            "CodeSha256": "bpK0mgdAZFx2uB8RRu+QGsxKMziScgJY145Y/ifGhQQ=",
            "Version": "$LATEST",
            "VpcConfig": {
                "SubnetIds": [],
                "SecurityGroupIds": [],
                "VpcId": ""
            },
            "TracingConfig": {
                "Mode": "PassThrough"
            },
            "RevisionId": "0c510ec1-e4ec-4f01-ba33-368756ff9de6"
        }
    ]
}
