{
    "repositories": [
        {
            "repositoryArn": "arn:aws:ecr:ap-southeast-1:841787149052:repository/wh-dashboard-web-prod",
            "registryId": "841787149052",
            "repositoryName": "wh-dashboard-web-prod",
            "repositoryUri": "841787149052.dkr.ecr.ap-southeast-1.amazonaws.com/wh-dashboard-web-prod",
            "createdAt": 1536653089.0
        },
        {
            "repositoryArn": "arn:aws:ecr:ap-southeast-1:841787149052:repository/wh-dashboard-web-dev",
            "registryId": "841787149052",
            "repositoryName": "wh-dashboard-web-dev",
            "repositoryUri": "841787149052.dkr.ecr.ap-southeast-1.amazonaws.com/wh-dashboard-web-dev",
            "createdAt": 1536652961.0
        },
        {
            "repositoryArn": "arn:aws:ecr:ap-southeast-1:841787149052:repository/maintenance-mode",
            "registryId": "841787149052",
            "repositoryName": "maintenance-mode",
            "repositoryUri": "841787149052.dkr.ecr.ap-southeast-1.amazonaws.com/maintenance-mode",
            "createdAt": 1527505340.0
        },
        {
            "repositoryArn": "arn:aws:ecr:ap-southeast-1:841787149052:repository/wh-dashboard-api-prod",
            "registryId": "841787149052",
            "repositoryName": "wh-dashboard-api-prod",
            "repositoryUri": "841787149052.dkr.ecr.ap-southeast-1.amazonaws.com/wh-dashboard-api-prod",
            "createdAt": 1536653123.0
        },
        {
            "repositoryArn": "arn:aws:ecr:ap-southeast-1:841787149052:repository/wh-dashboard-api-dev",
            "registryId": "841787149052",
            "repositoryName": "wh-dashboard-api-dev",
            "repositoryUri": "841787149052.dkr.ecr.ap-southeast-1.amazonaws.com/wh-dashboard-api-dev",
            "createdAt": 1536653028.0
        }
    ]
}
