{
    "DimensionValues": [
        {
            "Value": "ap-northeast-1",
            "Attributes": {}
        },
        {
            "Value": "ap-northeast-2",
            "Attributes": {}
        },
        {
            "Value": "ap-south-1",
            "Attributes": {}
        },
        {
            "Value": "ap-southeast-1",
            "Attributes": {}
        },
        {
            "Value": "ca-central-1",
            "Attributes": {}
        },
        {
            "Value": "eu-central-1",
            "Attributes": {}
        },
        {
            "Value": "eu-west-1",
            "Attributes": {}
        },
        {
            "Value": "eu-west-2",
            "Attributes": {}
        },
        {
            "Value": "global",
            "Attributes": {}
        },
        {
            "Value": "us-east-1",
            "Attributes": {}
        },
        {
            "Value": "us-west-2",
            "Attributes": {}
        }
    ],
    "ReturnSize": 11,
    "TotalSize": 11
}
