{
    "AccountQuotas": [
        {
            "AccountQuotaName": "ReplicationInstances",
            "Used": 1,
            "Max": 20
        },
        {
            "AccountQuotaName": "AllocatedStorage",
            "Used": 50,
            "Max": 10000
        },
        {
            "AccountQuotaName": "EventSubscriptions",
            "Used": 0,
            "Max": 20
        },
        {
            "AccountQuotaName": "ReplicationSubnetGroups",
            "Used": 1,
            "Max": 20
        },
        {
            "AccountQuotaName": "SubnetsPerReplicationSubnetGroup",
            "Used": 10,
            "Max": 20
        },
        {
            "AccountQuotaName": "Endpoints",
            "Used": 1,
            "Max": 100
        },
        {
            "AccountQuotaName": "ReplicationTasks",
            "Used": 0,
            "Max": 200
        },
        {
            "AccountQuotaName": "EndpointsPerInstance",
            "Used": 1,
            "Max": 20
        },
        {
            "AccountQuotaName": "Certificates",
            "Used": 0,
            "Max": 100
        }
    ]
}
