{
    "Topics": [
        {
            "TopicArn": "arn:aws:sns:ap-southeast-1:841787149052:dynamodb"
        },
        {
            "TopicArn": "arn:aws:sns:ap-southeast-1:841787149052:eris-diagnostics-warning"
        },
        {
            "TopicArn": "arn:aws:sns:ap-southeast-1:841787149052:mail-to-ai-team"
        },
        {
            "TopicArn": "arn:aws:sns:ap-southeast-1:841787149052:pwb-magento-nfsserver-dev-status-failed"
        },
        {
            "TopicArn": "arn:aws:sns:ap-southeast-1:841787149052:pwb-magento-nfsserver-uat-status-failed"
        }
    ]
}
