{
    "Snapshots": [
        {
            "SnapshotName": "line-t1c-redis",
            "CacheClusterId": "line-t1c-redis-001",
            "SnapshotStatus": "available",
            "SnapshotSource": "manual",
            "CacheNodeType": "cache.r3.large",
            "Engine": "redis",
            "EngineVersion": "3.2.4",
            "NumCacheNodes": 1,
            "PreferredAvailabilityZone": "ap-southeast-1b",
            "CacheClusterCreateTime": "2017-07-18T10:51:17.538Z",
            "PreferredMaintenanceWindow": "sun:14:00-sun:15:00",
            "Port": 6379,
            "CacheParameterGroupName": "default.redis3.2",
            "CacheSubnetGroupName": "line-cache",
            "VpcId": "vpc-1d05a279",
            "AutoMinorVersionUpgrade": true,
            "SnapshotRetentionLimit": 0,
            "SnapshotWindow": "19:00-20:00",
            "NodeSnapshots": [
                {
                    "CacheNodeId": "0001",
                    "CacheSize": "5 MB",
                    "CacheNodeCreateTime": "2017-07-18T10:51:17.538Z",
                    "SnapshotCreateTime": "2017-07-20T02:41:27Z"
                }
            ]
        }
    ]
}
