{
    "HealthChecks": [
        {
            "Id": "18972613-2310-4bcc-bd88-d1c3545858e1",
            "HealthCheckConfig": {
                "IPAddress": "52.77.249.54",
                "Port": 80,
                "Type": "HTTP",
                "ResourcePath": "/infinispan/healthcheck",
                "RequestInterval": 10,
                "FailureThreshold": 3,
                "MeasureLatency": false,
                "Inverted": false,
                "EnableSNI": false
            },
            "HealthCheckVersion": 3
        },
        {
            "Id": "49adb36f-fa92-48c9-8f11-d5dd78cd698f",
            "CallerReference": "2016-12-09T02:50:37.302300771Z",
            "HealthCheckConfig": {
                "IPAddress": "52.77.230.152",
                "Port": 80,
                "Type": "HTTP",
                "ResourcePath": "/infinispan/healthcheck",
                "RequestInterval": 10,
                "FailureThreshold": 3,
                "MeasureLatency": false,
                "Inverted": false,
                "EnableSNI": false
            },
            "HealthCheckVersion": 1
        },
        {
            "Id": "690543d3-08cf-487d-97dd-cb3d975090ab",
            "CallerReference": "2016-12-08T08:39:20.102027166Z",
            "HealthCheckConfig": {
                "IPAddress": "54.169.87.129",
                "Port": 80,
                "Type": "HTTP",
                "ResourcePath": "/infinispan/healthcheck",
                "RequestInterval": 10,
                "FailureThreshold": 3,
                "MeasureLatency": false,
                "Inverted": false,
                "EnableSNI": false
            },
            "HealthCheckVersion": 1
        },
        {
            "Id": "906dd21e-8058-4945-b5a2-69c714cdd38c",
            "CallerReference": "2016-12-10T08:08:48.425156772Z",
            "HealthCheckConfig": {
                "IPAddress": "54.254.218.73",
                "Port": 80,
                "Type": "HTTP",
                "ResourcePath": "/infinispan/healthcheck",
                "RequestInterval": 10,
                "FailureThreshold": 3,
                "MeasureLatency": false,
                "Inverted": false,
                "EnableSNI": false
            },
            "HealthCheckVersion": 1
        },
        {
            "Id": "a38cd8cf-19a3-446b-b7b6-d85feda060a1",
            "CallerReference": "2016-12-09T02:50:40.559885088Z",
            "HealthCheckConfig": {
                "IPAddress": "54.255.165.0",
                "Port": 80,
                "Type": "HTTP",
                "ResourcePath": "/infinispan/healthcheck",
                "RequestInterval": 10,
                "FailureThreshold": 3,
                "MeasureLatency": false,
                "Inverted": false,
                "EnableSNI": false
            },
            "HealthCheckVersion": 1
        },
        {
            "Id": "a9b2b357-fa1e-4c61-b9d7-ea9bac73885d",
            "CallerReference": "2016-12-27T07:13:04.412015524Z",
            "HealthCheckConfig": {
                "IPAddress": "54.254.218.117",
                "Port": 80,
                "Type": "HTTP",
                "ResourcePath": "/infinispan/healthcheck",
                "RequestInterval": 10,
                "FailureThreshold": 3,
                "MeasureLatency": false,
                "Inverted": false,
                "EnableSNI": false
            },
            "HealthCheckVersion": 1
        },
        {
            "Id": "bd667420-3799-48a9-b959-321d834d6184",
            "CallerReference": "2016-12-09T02:56:19.362384093Z",
            "HealthCheckConfig": {
                "IPAddress": "54.169.131.248",
                "Port": 80,
                "Type": "HTTP",
                "ResourcePath": "/infinispan/healthcheck",
                "RequestInterval": 10,
                "FailureThreshold": 3,
                "MeasureLatency": false,
                "Inverted": false,
                "EnableSNI": false
            },
            "HealthCheckVersion": 1
        },
        {
            "Id": "cf9b88f3-c6ea-47eb-9e24-58cf622a0ba9",
            "CallerReference": "2016-12-08T08:39:20.071017421Z",
            "HealthCheckConfig": {
                "IPAddress": "54.255.159.68",
                "Port": 80,
                "Type": "HTTP",
                "ResourcePath": "/infinispan/healthcheck",
                "RequestInterval": 10,
                "FailureThreshold": 3,
                "MeasureLatency": false,
                "Inverted": false,
                "EnableSNI": false
            },
            "HealthCheckVersion": 1
        },
        {
            "Id": "da53f4eb-de5c-4fff-bac4-cbb28ac47737",
            "CallerReference": "2016-12-10T08:08:51.735485165Z",
            "HealthCheckConfig": {
                "IPAddress": "52.221.235.42",
                "Port": 80,
                "Type": "HTTP",
                "ResourcePath": "/infinispan/healthcheck",
                "RequestInterval": 10,
                "FailureThreshold": 3,
                "MeasureLatency": false,
                "Inverted": false,
                "EnableSNI": false
            },
            "HealthCheckVersion": 1
        },
        {
            "Id": "dba6c22a-30f0-4560-9332-ffb5ae56af88",
            "HealthCheckConfig": {
                "IPAddress": "54.255.144.100",
                "Port": 80,
                "Type": "HTTP",
                "ResourcePath": "/infinispan/healthcheck",
                "RequestInterval": 10,
                "FailureThreshold": 3,
                "MeasureLatency": false,
                "Inverted": false,
                "EnableSNI": false
            },
            "HealthCheckVersion": 3
        },
        {
            "Id": "e2a4e446-39a7-4a50-baf3-ff320d838768",
            "CallerReference": "2016-12-09T02:56:17.005409716Z",
            "HealthCheckConfig": {
                "IPAddress": "54.179.156.245",
                "Port": 80,
                "Type": "HTTP",
                "ResourcePath": "/infinispan/healthcheck",
                "RequestInterval": 10,
                "FailureThreshold": 3,
                "MeasureLatency": false,
                "Inverted": false,
                "EnableSNI": false
            },
            "HealthCheckVersion": 1
        },
        {
            "Id": "e3c5a773-37c0-4ef6-9e17-0d7af6cc0e61",
            "CallerReference": "2016-12-27T07:13:07.403291751Z",
            "HealthCheckConfig": {
                "IPAddress": "54.254.130.165",
                "Port": 80,
                "Type": "HTTP",
                "ResourcePath": "/infinispan/healthcheck",
                "RequestInterval": 10,
                "FailureThreshold": 3,
                "MeasureLatency": false,
                "Inverted": false,
                "EnableSNI": false
            },
            "HealthCheckVersion": 1
        }
    ]
}
