{
    "DashboardEntries": [
        {
            "DashboardName": "CDS-Mobile",
            "DashboardArn": "arn:aws:cloudwatch::841787149052:dashboard/CDS-Mobile",
            "LastModified": "2018-08-09T09:28:56Z",
            "Size": 620
        },
        {
            "DashboardName": "Line",
            "DashboardArn": "arn:aws:cloudwatch::841787149052:dashboard/Line",
            "LastModified": "2018-01-03T06:16:02Z",
            "Size": 3705
        },
        {
            "DashboardName": "LogPowerbuy",
            "DashboardArn": "arn:aws:cloudwatch::841787149052:dashboard/LogPowerbuy",
            "LastModified": "2017-07-12T08:32:18Z",
            "Size": 14
        },
        {
            "DashboardName": "ofm",
            "DashboardArn": "arn:aws:cloudwatch::841787149052:dashboard/ofm",
            "LastModified": "2017-11-10T05:40:40Z",
            "Size": 14
        },
        {
            "DashboardName": "pwb-magento-dev",
            "DashboardArn": "arn:aws:cloudwatch::841787149052:dashboard/pwb-magento-dev",
            "LastModified": "2018-06-07T22:19:04Z",
            "Size": 2709
        },
        {
            "DashboardName": "pwb-magento-mysql-rds-dev",
            "DashboardArn": "arn:aws:cloudwatch::841787149052:dashboard/pwb-magento-mysql-rds-dev",
            "LastModified": "2018-03-07T09:34:49Z",
            "Size": 7397
        },
        {
            "DashboardName": "pwb-magento-mysql-rds-prod",
            "DashboardArn": "arn:aws:cloudwatch::841787149052:dashboard/pwb-magento-mysql-rds-prod",
            "LastModified": "2018-06-07T19:06:03Z",
            "Size": 7409
        },
        {
            "DashboardName": "pwb-magento-mysql-rds-staging",
            "DashboardArn": "arn:aws:cloudwatch::841787149052:dashboard/pwb-magento-mysql-rds-staging",
            "LastModified": "2018-03-07T10:33:14Z",
            "Size": 7445
        },
        {
            "DashboardName": "pwb-magento-mysql-rds-uat",
            "DashboardArn": "arn:aws:cloudwatch::841787149052:dashboard/pwb-magento-mysql-rds-uat",
            "LastModified": "2018-06-25T11:57:28Z",
            "Size": 7397
        },
        {
            "DashboardName": "pwb-magento-prod",
            "DashboardArn": "arn:aws:cloudwatch::841787149052:dashboard/pwb-magento-prod",
            "LastModified": "2018-06-07T23:36:24Z",
            "Size": 2797
        }
    ]
}
