{
    "instances": [
        {
            "name": "Ubuntu-512MB-Singapore-2",
            "arn": "arn:aws:lightsail:ap-southeast-1:841787149052:Instance/0eab896e-3bc6-4d1d-b8e3-e1dee7d3afce",
            "supportCode": "298995383565/i-00a251fb13bcbde44",
            "createdAt": 1507524947.125,
            "location": {
                "availabilityZone": "ap-southeast-1a",
                "regionName": "ap-southeast-1"
            },
            "resourceType": "Instance",
            "blueprintId": "ubuntu_16_04_1",
            "blueprintName": "Ubuntu",
            "bundleId": "nano_1_0",
            "isStaticIp": false,
            "privateIpAddress": "172.26.8.158",
            "publicIpAddress": "13.229.85.233",
            "hardware": {
                "cpuCount": 1,
                "disks": [
                    {
                        "createdAt": 1507524947.125,
                        "sizeInGb": 20,
                        "isSystemDisk": true,
                        "iops": 100,
                        "path": "/dev/sda1",
                        "attachedTo": "Ubuntu-512MB-Singapore-2",
                        "attachmentState": "attached"
                    }
                ],
                "ramSizeInGb": 0.5
            },
            "networking": {
                "monthlyTransfer": {
                    "gbPerMonthAllocated": 1024
                },
                "ports": [
                    {
                        "fromPort": 80,
                        "toPort": 80,
                        "protocol": "tcp",
                        "accessFrom": "Anywhere (0.0.0.0/0)",
                        "accessType": "public",
                        "commonName": "",
                        "accessDirection": "inbound"
                    },
                    {
                        "fromPort": 8083,
                        "toPort": 8083,
                        "protocol": "tcp",
                        "accessFrom": "Anywhere (0.0.0.0/0)",
                        "accessType": "public",
                        "commonName": "",
                        "accessDirection": "inbound"
                    },
                    {
                        "fromPort": 21,
                        "toPort": 22,
                        "protocol": "tcp",
                        "accessFrom": "Anywhere (0.0.0.0/0)",
                        "accessType": "public",
                        "commonName": "",
                        "accessDirection": "inbound"
                    },
                    {
                        "fromPort": 3306,
                        "toPort": 3306,
                        "protocol": "tcp",
                        "accessFrom": "Anywhere (0.0.0.0/0)",
                        "accessType": "public",
                        "commonName": "",
                        "accessDirection": "inbound"
                    }
                ]
            },
            "state": {
                "code": 16,
                "name": "running"
            },
            "username": "ubuntu",
            "sshKeyName": "LightsailDefaultKeyPair"
        }
    ]
}
