{
    "ResultsByTime": [
        {
            "TimePeriod": {
                "Start": "2018-08-01",
                "End": "2018-08-02"
            },
            "Total": {
                "UsageQuantity": {
                    "Amount": "21651121.650700502",
                    "Unit": "N/A"
                }
            },
            "Groups": [],
            "Estimated": false
        },
        {
            "TimePeriod": {
                "Start": "2018-08-02",
                "End": "2018-08-03"
            },
            "Total": {
                "UsageQuantity": {
                    "Amount": "20318783.900900915",
                    "Unit": "N/A"
                }
            },
            "Groups": [],
            "Estimated": false
        },
        {
            "TimePeriod": {
                "Start": "2018-08-03",
                "End": "2018-08-04"
            },
            "Total": {
                "UsageQuantity": {
                    "Amount": "18787112.313602965",
                    "Unit": "N/A"
                }
            },
            "Groups": [],
            "Estimated": false
        },
        {
            "TimePeriod": {
                "Start": "2018-08-04",
                "End": "2018-08-05"
            },
            "Total": {
                "UsageQuantity": {
                    "Amount": "17687490.70094023",
                    "Unit": "N/A"
                }
            },
            "Groups": [],
            "Estimated": false
        },
        {
            "TimePeriod": {
                "Start": "2018-08-05",
                "End": "2018-08-06"
            },
            "Total": {
                "UsageQuantity": {
                    "Amount": "18160264.065397907",
                    "Unit": "N/A"
                }
            },
            "Groups": [],
            "Estimated": false
        },
        {
            "TimePeriod": {
                "Start": "2018-08-06",
                "End": "2018-08-07"
            },
            "Total": {
                "UsageQuantity": {
                    "Amount": "19884654.300392576",
                    "Unit": "N/A"
                }
            },
            "Groups": [],
            "Estimated": false
        },
        {
            "TimePeriod": {
                "Start": "2018-08-07",
                "End": "2018-08-08"
            },
            "Total": {
                "UsageQuantity": {
                    "Amount": "19445908.421596054",
                    "Unit": "N/A"
                }
            },
            "Groups": [],
            "Estimated": false
        },
        {
            "TimePeriod": {
                "Start": "2018-08-08",
                "End": "2018-08-09"
            },
            "Total": {
                "UsageQuantity": {
                    "Amount": "18413554.538208008",
                    "Unit": "N/A"
                }
            },
            "Groups": [],
            "Estimated": false
        },
        {
            "TimePeriod": {
                "Start": "2018-08-09",
                "End": "2018-08-10"
            },
            "Total": {
                "UsageQuantity": {
                    "Amount": "17230545.442107875",
                    "Unit": "N/A"
                }
            },
            "Groups": [],
            "Estimated": false
        },
        {
            "TimePeriod": {
                "Start": "2018-08-10",
                "End": "2018-08-11"
            },
            "Total": {
                "UsageQuantity": {
                    "Amount": "19445567.76868237",
                    "Unit": "N/A"
                }
            },
            "Groups": [],
            "Estimated": false
        },
        {
            "TimePeriod": {
                "Start": "2018-08-11",
                "End": "2018-08-12"
            },
            "Total": {
                "UsageQuantity": {
                    "Amount": "18881600.34540392",
                    "Unit": "N/A"
                }
            },
            "Groups": [],
            "Estimated": false
        },
        {
            "TimePeriod": {
                "Start": "2018-08-12",
                "End": "2018-08-13"
            },
            "Total": {
                "UsageQuantity": {
                    "Amount": "17325142.60961338",
                    "Unit": "N/A"
                }
            },
            "Groups": [],
            "Estimated": false
        },
        {
            "TimePeriod": {
                "Start": "2018-08-13",
                "End": "2018-08-14"
            },
            "Total": {
                "UsageQuantity": {
                    "Amount": "17572768.136534095",
                    "Unit": "N/A"
                }
            },
            "Groups": [],
            "Estimated": false
        },
        {
            "TimePeriod": {
                "Start": "2018-08-14",
                "End": "2018-08-15"
            },
            "Total": {
                "UsageQuantity": {
                    "Amount": "19655151.154392466",
                    "Unit": "N/A"
                }
            },
            "Groups": [],
            "Estimated": false
        },
        {
            "TimePeriod": {
                "Start": "2018-08-15",
                "End": "2018-08-16"
            },
            "Total": {
                "UsageQuantity": {
                    "Amount": "19765620.62257341",
                    "Unit": "N/A"
                }
            },
            "Groups": [],
            "Estimated": false
        },
        {
            "TimePeriod": {
                "Start": "2018-08-16",
                "End": "2018-08-17"
            },
            "Total": {
                "UsageQuantity": {
                    "Amount": "17965001.433975354",
                    "Unit": "N/A"
                }
            },
            "Groups": [],
            "Estimated": false
        },
        {
            "TimePeriod": {
                "Start": "2018-08-17",
                "End": "2018-08-18"
            },
            "Total": {
                "UsageQuantity": {
                    "Amount": "18740627.546404384",
                    "Unit": "N/A"
                }
            },
            "Groups": [],
            "Estimated": false
        },
        {
            "TimePeriod": {
                "Start": "2018-08-18",
                "End": "2018-08-19"
            },
            "Total": {
                "UsageQuantity": {
                    "Amount": "17332703.170747392",
                    "Unit": "N/A"
                }
            },
            "Groups": [],
            "Estimated": false
        },
        {
            "TimePeriod": {
                "Start": "2018-08-19",
                "End": "2018-08-20"
            },
            "Total": {
                "UsageQuantity": {
                    "Amount": "17947182.245583814",
                    "Unit": "N/A"
                }
            },
            "Groups": [],
            "Estimated": false
        },
        {
            "TimePeriod": {
                "Start": "2018-08-20",
                "End": "2018-08-21"
            },
            "Total": {
                "UsageQuantity": {
                    "Amount": "19627820.43513483",
                    "Unit": "N/A"
                }
            },
            "Groups": [],
            "Estimated": false
        },
        {
            "TimePeriod": {
                "Start": "2018-08-21",
                "End": "2018-08-22"
            },
            "Total": {
                "UsageQuantity": {
                    "Amount": "19504242.510306425",
                    "Unit": "N/A"
                }
            },
            "Groups": [],
            "Estimated": false
        },
        {
            "TimePeriod": {
                "Start": "2018-08-22",
                "End": "2018-08-23"
            },
            "Total": {
                "UsageQuantity": {
                    "Amount": "20064184.402199615",
                    "Unit": "N/A"
                }
            },
            "Groups": [],
            "Estimated": false
        },
        {
            "TimePeriod": {
                "Start": "2018-08-23",
                "End": "2018-08-24"
            },
            "Total": {
                "UsageQuantity": {
                    "Amount": "17612954.27645172",
                    "Unit": "N/A"
                }
            },
            "Groups": [],
            "Estimated": false
        },
        {
            "TimePeriod": {
                "Start": "2018-08-24",
                "End": "2018-08-25"
            },
            "Total": {
                "UsageQuantity": {
                    "Amount": "18080563.442815956",
                    "Unit": "N/A"
                }
            },
            "Groups": [],
            "Estimated": false
        },
        {
            "TimePeriod": {
                "Start": "2018-08-25",
                "End": "2018-08-26"
            },
            "Total": {
                "UsageQuantity": {
                    "Amount": "17384674.70063203",
                    "Unit": "N/A"
                }
            },
            "Groups": [],
            "Estimated": false
        },
        {
            "TimePeriod": {
                "Start": "2018-08-26",
                "End": "2018-08-27"
            },
            "Total": {
                "UsageQuantity": {
                    "Amount": "18100696.879406683",
                    "Unit": "N/A"
                }
            },
            "Groups": [],
            "Estimated": false
        },
        {
            "TimePeriod": {
                "Start": "2018-08-27",
                "End": "2018-08-28"
            },
            "Total": {
                "UsageQuantity": {
                    "Amount": "22039701.576271936",
                    "Unit": "N/A"
                }
            },
            "Groups": [],
            "Estimated": false
        },
        {
            "TimePeriod": {
                "Start": "2018-08-28",
                "End": "2018-08-29"
            },
            "Total": {
                "UsageQuantity": {
                    "Amount": "19111942.25007896",
                    "Unit": "N/A"
                }
            },
            "Groups": [],
            "Estimated": false
        },
        {
            "TimePeriod": {
                "Start": "2018-08-29",
                "End": "2018-08-30"
            },
            "Total": {
                "UsageQuantity": {
                    "Amount": "22017831.690587923",
                    "Unit": "N/A"
                }
            },
            "Groups": [],
            "Estimated": false
        },
        {
            "TimePeriod": {
                "Start": "2018-08-30",
                "End": "2018-08-31"
            },
            "Total": {
                "UsageQuantity": {
                    "Amount": "19438711.682596542",
                    "Unit": "N/A"
                }
            },
            "Groups": [],
            "Estimated": false
        },
        {
            "TimePeriod": {
                "Start": "2018-08-31",
                "End": "2018-09-01"
            },
            "Total": {
                "UsageQuantity": {
                    "Amount": "18567343.146189664",
                    "Unit": "N/A"
                }
            },
            "Groups": [],
            "Estimated": false
        },
        {
            "TimePeriod": {
                "Start": "2018-09-01",
                "End": "2018-09-02"
            },
            "Total": {
                "UsageQuantity": {
                    "Amount": "18062926.121707052",
                    "Unit": "N/A"
                }
            },
            "Groups": [],
            "Estimated": true
        },
        {
            "TimePeriod": {
                "Start": "2018-09-02",
                "End": "2018-09-03"
            },
            "Total": {
                "UsageQuantity": {
                    "Amount": "17483903.967944015",
                    "Unit": "N/A"
                }
            },
            "Groups": [],
            "Estimated": true
        },
        {
            "TimePeriod": {
                "Start": "2018-09-03",
                "End": "2018-09-04"
            },
            "Total": {
                "UsageQuantity": {
                    "Amount": "17809135.995877683",
                    "Unit": "N/A"
                }
            },
            "Groups": [],
            "Estimated": true
        },
        {
            "TimePeriod": {
                "Start": "2018-09-04",
                "End": "2018-09-05"
            },
            "Total": {
                "UsageQuantity": {
                    "Amount": "21536177.602978542",
                    "Unit": "N/A"
                }
            },
            "Groups": [],
            "Estimated": true
        },
        {
            "TimePeriod": {
                "Start": "2018-09-05",
                "End": "2018-09-06"
            },
            "Total": {
                "UsageQuantity": {
                    "Amount": "20407314.49766649",
                    "Unit": "N/A"
                }
            },
            "Groups": [],
            "Estimated": true
        },
        {
            "TimePeriod": {
                "Start": "2018-09-06",
                "End": "2018-09-07"
            },
            "Total": {
                "UsageQuantity": {
                    "Amount": "19152553.93932885",
                    "Unit": "N/A"
                }
            },
            "Groups": [],
            "Estimated": true
        },
        {
            "TimePeriod": {
                "Start": "2018-09-07",
                "End": "2018-09-08"
            },
            "Total": {
                "UsageQuantity": {
                    "Amount": "19032310.40405188",
                    "Unit": "N/A"
                }
            },
            "Groups": [],
            "Estimated": true
        },
        {
            "TimePeriod": {
                "Start": "2018-09-08",
                "End": "2018-09-09"
            },
            "Total": {
                "UsageQuantity": {
                    "Amount": "19184038.147576135",
                    "Unit": "N/A"
                }
            },
            "Groups": [],
            "Estimated": true
        },
        {
            "TimePeriod": {
                "Start": "2018-09-09",
                "End": "2018-09-10"
            },
            "Total": {
                "UsageQuantity": {
                    "Amount": "23439398.767031975",
                    "Unit": "N/A"
                }
            },
            "Groups": [],
            "Estimated": true
        },
        {
            "TimePeriod": {
                "Start": "2018-09-10",
                "End": "2018-09-11"
            },
            "Total": {
                "UsageQuantity": {
                    "Amount": "22321271.105292648",
                    "Unit": "N/A"
                }
            },
            "Groups": [],
            "Estimated": true
        },
        {
            "TimePeriod": {
                "Start": "2018-09-11",
                "End": "2018-09-12"
            },
            "Total": {
                "UsageQuantity": {
                    "Amount": "21601590.85051658",
                    "Unit": "N/A"
                }
            },
            "Groups": [],
            "Estimated": true
        },
        {
            "TimePeriod": {
                "Start": "2018-09-12",
                "End": "2018-09-13"
            },
            "Total": {
                "UsageQuantity": {
                    "Amount": "21008994.906450905",
                    "Unit": "N/A"
                }
            },
            "Groups": [],
            "Estimated": true
        },
        {
            "TimePeriod": {
                "Start": "2018-09-13",
                "End": "2018-09-14"
            },
            "Total": {
                "UsageQuantity": {
                    "Amount": "23193374.05379043",
                    "Unit": "N/A"
                }
            },
            "Groups": [],
            "Estimated": true
        },
        {
            "TimePeriod": {
                "Start": "2018-09-14",
                "End": "2018-09-15"
            },
            "Total": {
                "UsageQuantity": {
                    "Amount": "24477652.034877256",
                    "Unit": "N/A"
                }
            },
            "Groups": [],
            "Estimated": true
        },
        {
            "TimePeriod": {
                "Start": "2018-09-15",
                "End": "2018-09-16"
            },
            "Total": {
                "UsageQuantity": {
                    "Amount": "22571379.349743977",
                    "Unit": "N/A"
                }
            },
            "Groups": [],
            "Estimated": true
        },
        {
            "TimePeriod": {
                "Start": "2018-09-16",
                "End": "2018-09-17"
            },
            "Total": {
                "UsageQuantity": {
                    "Amount": "22716537.059434254",
                    "Unit": "N/A"
                }
            },
            "Groups": [],
            "Estimated": true
        },
        {
            "TimePeriod": {
                "Start": "2018-09-17",
                "End": "2018-09-18"
            },
            "Total": {
                "UsageQuantity": {
                    "Amount": "27725686.528717715",
                    "Unit": "N/A"
                }
            },
            "Groups": [],
            "Estimated": true
        },
        {
            "TimePeriod": {
                "Start": "2018-09-18",
                "End": "2018-09-19"
            },
            "Total": {
                "UsageQuantity": {
                    "Amount": "23423866.500974644",
                    "Unit": "N/A"
                }
            },
            "Groups": [],
            "Estimated": true
        },
        {
            "TimePeriod": {
                "Start": "2018-09-19",
                "End": "2018-09-20"
            },
            "Total": {
                "UsageQuantity": {
                    "Amount": "22656073.552252978",
                    "Unit": "N/A"
                }
            },
            "Groups": [],
            "Estimated": true
        },
        {
            "TimePeriod": {
                "Start": "2018-09-20",
                "End": "2018-09-21"
            },
            "Total": {
                "UsageQuantity": {
                    "Amount": "20406517.63010363",
                    "Unit": "N/A"
                }
            },
            "Groups": [],
            "Estimated": true
        },
        {
            "TimePeriod": {
                "Start": "2018-09-21",
                "End": "2018-09-22"
            },
            "Total": {
                "UsageQuantity": {
                    "Amount": "21633067.164702855",
                    "Unit": "N/A"
                }
            },
            "Groups": [],
            "Estimated": true
        },
        {
            "TimePeriod": {
                "Start": "2018-09-22",
                "End": "2018-09-23"
            },
            "Total": {
                "UsageQuantity": {
                    "Amount": "18998412.402442146",
                    "Unit": "N/A"
                }
            },
            "Groups": [],
            "Estimated": true
        },
        {
            "TimePeriod": {
                "Start": "2018-09-23",
                "End": "2018-09-24"
            },
            "Total": {
                "UsageQuantity": {
                    "Amount": "20183531.28848071",
                    "Unit": "N/A"
                }
            },
            "Groups": [],
            "Estimated": true
        },
        {
            "TimePeriod": {
                "Start": "2018-09-24",
                "End": "2018-09-25"
            },
            "Total": {
                "UsageQuantity": {
                    "Amount": "20868176.81767494",
                    "Unit": "N/A"
                }
            },
            "Groups": [],
            "Estimated": true
        },
        {
            "TimePeriod": {
                "Start": "2018-09-25",
                "End": "2018-09-26"
            },
            "Total": {
                "UsageQuantity": {
                    "Amount": "18070325.379537012",
                    "Unit": "N/A"
                }
            },
            "Groups": [],
            "Estimated": true
        }
    ]
}
