{
    "Aliases": [
        {
            "AliasName": "alias/aws/acm",
            "AliasArn": "arn:aws:kms:ap-southeast-1:841787149052:alias/aws/acm",
            "TargetKeyId": "d4bc6b8d-d1d8-4e36-bdaa-64cf4bd30135"
        },
        {
            "AliasName": "alias/aws/dms",
            "AliasArn": "arn:aws:kms:ap-southeast-1:841787149052:alias/aws/dms",
            "TargetKeyId": "9487fb44-9369-419e-9335-6de92a1f7586"
        },
        {
            "AliasName": "alias/aws/dynamodb",
            "AliasArn": "arn:aws:kms:ap-southeast-1:841787149052:alias/aws/dynamodb"
        },
        {
            "AliasName": "alias/aws/ebs",
            "AliasArn": "arn:aws:kms:ap-southeast-1:841787149052:alias/aws/ebs",
            "TargetKeyId": "7da6ca6a-6c0f-4e3d-a8ba-818ea622c502"
        },
        {
            "AliasName": "alias/aws/elasticfilesystem",
            "AliasArn": "arn:aws:kms:ap-southeast-1:841787149052:alias/aws/elasticfilesystem"
        },
        {
            "AliasName": "alias/aws/es",
            "AliasArn": "arn:aws:kms:ap-southeast-1:841787149052:alias/aws/es",
            "TargetKeyId": "8467c0c2-d102-4bfc-809f-d0d2936018fa"
        },
        {
            "AliasName": "alias/aws/glue",
            "AliasArn": "arn:aws:kms:ap-southeast-1:841787149052:alias/aws/glue"
        },
        {
            "AliasName": "alias/aws/kinesisvideo",
            "AliasArn": "arn:aws:kms:ap-southeast-1:841787149052:alias/aws/kinesisvideo"
        },
        {
            "AliasName": "alias/aws/lambda",
            "AliasArn": "arn:aws:kms:ap-southeast-1:841787149052:alias/aws/lambda",
            "TargetKeyId": "27574b1d-7a22-4ea4-ab94-1864703e44b5"
        },
        {
            "AliasName": "alias/aws/lightsail",
            "AliasArn": "arn:aws:kms:ap-southeast-1:841787149052:alias/aws/lightsail",
            "TargetKeyId": "342cac68-be83-4acb-8804-a1a7eab3a204"
        },
        {
            "AliasName": "alias/aws/rds",
            "AliasArn": "arn:aws:kms:ap-southeast-1:841787149052:alias/aws/rds",
            "TargetKeyId": "e4c7abe1-88bd-42d4-a705-4ff41740fe31"
        },
        {
            "AliasName": "alias/aws/redshift",
            "AliasArn": "arn:aws:kms:ap-southeast-1:841787149052:alias/aws/redshift"
        },
        {
            "AliasName": "alias/aws/s3",
            "AliasArn": "arn:aws:kms:ap-southeast-1:841787149052:alias/aws/s3"
        },
        {
            "AliasName": "alias/aws/ssm",
            "AliasArn": "arn:aws:kms:ap-southeast-1:841787149052:alias/aws/ssm"
        },
        {
            "AliasName": "alias/aws/xray",
            "AliasArn": "arn:aws:kms:ap-southeast-1:841787149052:alias/aws/xray"
        }
    ]
}
