{
    "Buckets": [
        {
            "Name": "aws-logs-841787149052-ap-southeast-1",
            "CreationDate": "2018-08-07T05:31:48.000Z"
        },
        {
            "Name": "cenergy",
            "CreationDate": "2018-08-07T05:32:07.000Z"
        },
        {
            "Name": "central.tech",
            "CreationDate": "2018-08-07T05:29:04.000Z"
        },
        {
            "Name": "cf-templates-zd468nc5kart-ap-southeast-1",
            "CreationDate": "2018-08-07T05:31:44.000Z"
        },
        {
            "Name": "cgai-k8s-guard-central-tech",
            "CreationDate": "2018-08-14T05:17:13.000Z"
        },
        {
            "Name": "cng-ml",
            "CreationDate": "2017-09-21T08:34:57.000Z"
        },
        {
            "Name": "cng-test-obs",
            "CreationDate": "2018-08-07T05:31:28.000Z"
        },
        {
            "Name": "cng-wp-offload-demo",
            "CreationDate": "2018-08-07T05:32:29.000Z"
        },
        {
            "Name": "cngdevops",
            "CreationDate": "2018-08-07T05:31:35.000Z"
        },
        {
            "Name": "elasticbeanstalk-ap-southeast-1-841787149052",
            "CreationDate": "2018-08-07T05:32:15.000Z"
        },
        {
            "Name": "import-to-ec2-1a878799-937f-4ba1-9d44-d6ef08e2a8f2",
            "CreationDate": "2018-08-07T05:32:38.000Z"
        },
        {
            "Name": "line-t1c",
            "CreationDate": "2018-08-07T05:30:48.000Z"
        },
        {
            "Name": "powerbuy",
            "CreationDate": "2018-08-07T05:30:52.000Z"
        },
        {
            "Name": "powerbuy-co-th-k8s-dev",
            "CreationDate": "2018-08-07T05:32:19.000Z"
        },
        {
            "Name": "pwb-codedeploy",
            "CreationDate": "2018-08-07T05:30:25.000Z"
        },
        {
            "Name": "pwb-magento-media-dev",
            "CreationDate": "2018-08-07T05:32:44.000Z"
        },
        {
            "Name": "pwb-magento-varnish-prod-logs",
            "CreationDate": "2018-08-20T09:28:53.000Z"
        },
        {
            "Name": "pwb-static",
            "CreationDate": "2018-08-07T05:30:20.000Z"
        },
        {
            "Name": "sms-b-ap-southeast-1-sb5vcvid3ix5ihu6jnhxoz7u4nje3q3t",
            "CreationDate": "2018-09-21T09:37:53.000Z"
        },
        {
            "Name": "terraform-ceph-storage-state",
            "CreationDate": "2018-08-07T05:32:32.000Z"
        },
        {
            "Name": "terraform-magento-state",
            "CreationDate": "2018-08-07T05:32:53.000Z"
        }
    ],
    "Owner": {
        "DisplayName": "cenergy.aws",
        "ID": "a70496f40564a772698f34d9f99f4ee1bd86e5483b2823b6c594e0a1b3cff2e8"
    }
}
