{
    "bundles": [
        {
            "price": 3.5,
            "cpuCount": 1,
            "diskSizeInGb": 20,
            "bundleId": "nano_2_0",
            "instanceType": "nano",
            "isActive": true,
            "name": "Nano",
            "power": 300,
            "ramSizeInGb": 0.5,
            "transferPerMonthInGb": 1024,
            "supportedPlatforms": [
                "LINUX_UNIX"
            ]
        },
        {
            "price": 5.0,
            "cpuCount": 1,
            "diskSizeInGb": 40,
            "bundleId": "micro_2_0",
            "instanceType": "micro",
            "isActive": true,
            "name": "Micro",
            "power": 500,
            "ramSizeInGb": 1.0,
            "transferPerMonthInGb": 2048,
            "supportedPlatforms": [
                "LINUX_UNIX"
            ]
        },
        {
            "price": 10.0,
            "cpuCount": 1,
            "diskSizeInGb": 60,
            "bundleId": "small_2_0",
            "instanceType": "small",
            "isActive": true,
            "name": "Small",
            "power": 1000,
            "ramSizeInGb": 2.0,
            "transferPerMonthInGb": 3072,
            "supportedPlatforms": [
                "LINUX_UNIX"
            ]
        },
        {
            "price": 20.0,
            "cpuCount": 2,
            "diskSizeInGb": 80,
            "bundleId": "medium_2_0",
            "instanceType": "medium",
            "isActive": true,
            "name": "Medium",
            "power": 2000,
            "ramSizeInGb": 4.0,
            "transferPerMonthInGb": 4096,
            "supportedPlatforms": [
                "LINUX_UNIX"
            ]
        },
        {
            "price": 40.0,
            "cpuCount": 2,
            "diskSizeInGb": 160,
            "bundleId": "large_2_0",
            "instanceType": "large",
            "isActive": true,
            "name": "Large",
            "power": 3000,
            "ramSizeInGb": 8.0,
            "transferPerMonthInGb": 5120,
            "supportedPlatforms": [
                "LINUX_UNIX"
            ]
        },
        {
            "price": 80.0,
            "cpuCount": 4,
            "diskSizeInGb": 320,
            "bundleId": "xlarge_2_0",
            "instanceType": "xlarge",
            "isActive": true,
            "name": "Xlarge",
            "power": 4000,
            "ramSizeInGb": 16.0,
            "transferPerMonthInGb": 6144,
            "supportedPlatforms": [
                "LINUX_UNIX"
            ]
        },
        {
            "price": 160.0,
            "cpuCount": 8,
            "diskSizeInGb": 640,
            "bundleId": "2xlarge_2_0",
            "instanceType": "2xlarge",
            "isActive": true,
            "name": "2Xlarge",
            "power": 5000,
            "ramSizeInGb": 32.0,
            "transferPerMonthInGb": 7168,
            "supportedPlatforms": [
                "LINUX_UNIX"
            ]
        },
        {
            "price": 8.0,
            "cpuCount": 1,
            "diskSizeInGb": 30,
            "bundleId": "nano_win_2_0",
            "instanceType": "nano",
            "isActive": true,
            "name": "Nano",
            "power": 300,
            "ramSizeInGb": 0.5,
            "transferPerMonthInGb": 1024,
            "supportedPlatforms": [
                "WINDOWS"
            ]
        },
        {
            "price": 12.0,
            "cpuCount": 1,
            "diskSizeInGb": 40,
            "bundleId": "micro_win_2_0",
            "instanceType": "micro",
            "isActive": true,
            "name": "Micro",
            "power": 500,
            "ramSizeInGb": 1.0,
            "transferPerMonthInGb": 2048,
            "supportedPlatforms": [
                "WINDOWS"
            ]
        },
        {
            "price": 20.0,
            "cpuCount": 1,
            "diskSizeInGb": 60,
            "bundleId": "small_win_2_0",
            "instanceType": "small",
            "isActive": true,
            "name": "Small",
            "power": 1000,
            "ramSizeInGb": 2.0,
            "transferPerMonthInGb": 3072,
            "supportedPlatforms": [
                "WINDOWS"
            ]
        },
        {
            "price": 40.0,
            "cpuCount": 2,
            "diskSizeInGb": 80,
            "bundleId": "medium_win_2_0",
            "instanceType": "medium",
            "isActive": true,
            "name": "Medium",
            "power": 2000,
            "ramSizeInGb": 4.0,
            "transferPerMonthInGb": 4096,
            "supportedPlatforms": [
                "WINDOWS"
            ]
        },
        {
            "price": 70.0,
            "cpuCount": 2,
            "diskSizeInGb": 160,
            "bundleId": "large_win_2_0",
            "instanceType": "large",
            "isActive": true,
            "name": "Large",
            "power": 3000,
            "ramSizeInGb": 8.0,
            "transferPerMonthInGb": 5120,
            "supportedPlatforms": [
                "WINDOWS"
            ]
        },
        {
            "price": 120.0,
            "cpuCount": 4,
            "diskSizeInGb": 320,
            "bundleId": "xlarge_win_2_0",
            "instanceType": "xlarge",
            "isActive": true,
            "name": "Xlarge",
            "power": 4000,
            "ramSizeInGb": 16.0,
            "transferPerMonthInGb": 6144,
            "supportedPlatforms": [
                "WINDOWS"
            ]
        },
        {
            "price": 240.0,
            "cpuCount": 8,
            "diskSizeInGb": 640,
            "bundleId": "2xlarge_win_2_0",
            "instanceType": "2xlarge",
            "isActive": true,
            "name": "2Xlarge",
            "power": 5000,
            "ramSizeInGb": 32.0,
            "transferPerMonthInGb": 7168,
            "supportedPlatforms": [
                "WINDOWS"
            ]
        }
    ]
}
