{
    "DBInstances": [
        {
            "DBInstanceIdentifier": "denes-test-cdc",
            "DBInstanceClass": "db.t2.small",
            "Engine": "mysql",
            "DBInstanceStatus": "available",
            "MasterUsername": "admin",
            "DBName": "denes_test_cdc",
            "Endpoint": {
                "Address": "denes-test-cdc.ciztbw1tzzwf.ap-southeast-1.rds.amazonaws.com",
                "Port": 3306,
                "HostedZoneId": "Z2G0U3KFCY8NZ5"
            },
            "AllocatedStorage": 20,
            "InstanceCreateTime": "2018-05-10T09:06:34.790Z",
            "PreferredBackupWindow": "20:29-20:59",
            "BackupRetentionPeriod": 1,
            "DBSecurityGroups": [],
            "VpcSecurityGroups": [
                {
                    "VpcSecurityGroupId": "sg-18c59f61",
                    "Status": "active"
                }
            ],
            "DBParameterGroups": [
                {
                    "DBParameterGroupName": "denes-test-cdc",
                    "ParameterApplyStatus": "in-sync"
                }
            ],
            "AvailabilityZone": "ap-southeast-1a",
            "DBSubnetGroup": {
                "DBSubnetGroupName": "pwb-magento-mysql-dev",
                "DBSubnetGroupDescription": "Managed by Terraform",
                "VpcId": "vpc-95bd1ef2",
                "SubnetGroupStatus": "Complete",
                "Subnets": [
                    {
                        "SubnetIdentifier": "subnet-0b9ceb6c",
                        "SubnetAvailabilityZone": {
                            "Name": "ap-southeast-1b"
                        },
                        "SubnetStatus": "Active"
                    },
                    {
                        "SubnetIdentifier": "subnet-824f28cb",
                        "SubnetAvailabilityZone": {
                            "Name": "ap-southeast-1a"
                        },
                        "SubnetStatus": "Active"
                    }
                ]
            },
            "PreferredMaintenanceWindow": "tue:16:57-tue:17:27",
            "PendingModifiedValues": {},
            "LatestRestorableTime": "2018-09-26T02:00:00Z",
            "MultiAZ": false,
            "EngineVersion": "5.6.39",
            "AutoMinorVersionUpgrade": true,
            "ReadReplicaDBInstanceIdentifiers": [],
            "LicenseModel": "general-public-license",
            "OptionGroupMemberships": [
                {
                    "OptionGroupName": "default:mysql-5-6",
                    "Status": "in-sync"
                }
            ],
            "PubliclyAccessible": false,
            "StorageType": "gp2",
            "DbInstancePort": 0,
            "StorageEncrypted": false,
            "DbiResourceId": "db-I6VBTUQ7YI4VIPBUHLJ5Q3CHGQ",
            "CACertificateIdentifier": "rds-ca-2015",
            "DomainMemberships": [],
            "CopyTagsToSnapshot": false,
            "MonitoringInterval": 0,
            "DBInstanceArn": "arn:aws:rds:ap-southeast-1:841787149052:db:denes-test-cdc",
            "IAMDatabaseAuthenticationEnabled": false,
            "PerformanceInsightsEnabled": false,
            "EnabledCloudwatchLogsExports": [
                "audit",
                "error",
                "general",
                "slowquery"
            ]
        },
        {
            "DBInstanceIdentifier": "pwb-cdc-dev",
            "DBInstanceClass": "db.t2.medium",
            "Engine": "mysql",
            "DBInstanceStatus": "available",
            "MasterUsername": "maxwell",
            "Endpoint": {
                "Address": "pwb-cdc-dev.ciztbw1tzzwf.ap-southeast-1.rds.amazonaws.com",
                "Port": 3306,
                "HostedZoneId": "Z2G0U3KFCY8NZ5"
            },
            "AllocatedStorage": 10,
            "InstanceCreateTime": "2018-07-11T11:37:07.771Z",
            "PreferredBackupWindow": "18:35-19:05",
            "BackupRetentionPeriod": 0,
            "DBSecurityGroups": [],
            "VpcSecurityGroups": [
                {
                    "VpcSecurityGroupId": "sg-817bb2f9",
                    "Status": "active"
                }
            ],
            "DBParameterGroups": [
                {
                    "DBParameterGroupName": "default.mysql5.7",
                    "ParameterApplyStatus": "in-sync"
                }
            ],
            "AvailabilityZone": "ap-southeast-1a",
            "DBSubnetGroup": {
                "DBSubnetGroupName": "pwb-magento-mysql-dev",
                "DBSubnetGroupDescription": "Managed by Terraform",
                "VpcId": "vpc-95bd1ef2",
                "SubnetGroupStatus": "Complete",
                "Subnets": [
                    {
                        "SubnetIdentifier": "subnet-0b9ceb6c",
                        "SubnetAvailabilityZone": {
                            "Name": "ap-southeast-1b"
                        },
                        "SubnetStatus": "Active"
                    },
                    {
                        "SubnetIdentifier": "subnet-824f28cb",
                        "SubnetAvailabilityZone": {
                            "Name": "ap-southeast-1a"
                        },
                        "SubnetStatus": "Active"
                    }
                ]
            },
            "PreferredMaintenanceWindow": "thu:20:28-thu:20:58",
            "PendingModifiedValues": {},
            "MultiAZ": false,
            "EngineVersion": "5.7.19",
            "AutoMinorVersionUpgrade": true,
            "ReadReplicaDBInstanceIdentifiers": [],
            "LicenseModel": "general-public-license",
            "OptionGroupMemberships": [
                {
                    "OptionGroupName": "default:mysql-5-7",
                    "Status": "in-sync"
                }
            ],
            "PubliclyAccessible": false,
            "StorageType": "gp2",
            "DbInstancePort": 0,
            "StorageEncrypted": false,
            "DbiResourceId": "db-73MGLAGAOD6KDMHFY44SUUTNUE",
            "CACertificateIdentifier": "rds-ca-2015",
            "DomainMemberships": [],
            "CopyTagsToSnapshot": false,
            "MonitoringInterval": 0,
            "DBInstanceArn": "arn:aws:rds:ap-southeast-1:841787149052:db:pwb-cdc-dev",
            "IAMDatabaseAuthenticationEnabled": false,
            "PerformanceInsightsEnabled": false
        },
        {
            "DBInstanceIdentifier": "pwb-cdc-prod",
            "DBInstanceClass": "db.t2.medium",
            "Engine": "mysql",
            "DBInstanceStatus": "available",
            "MasterUsername": "maxwell",
            "Endpoint": {
                "Address": "pwb-cdc-prod.ciztbw1tzzwf.ap-southeast-1.rds.amazonaws.com",
                "Port": 3306,
                "HostedZoneId": "Z2G0U3KFCY8NZ5"
            },
            "AllocatedStorage": 10,
            "InstanceCreateTime": "2018-08-27T14:30:46.280Z",
            "PreferredBackupWindow": "15:28-15:58",
            "BackupRetentionPeriod": 0,
            "DBSecurityGroups": [],
            "VpcSecurityGroups": [
                {
                    "VpcSecurityGroupId": "sg-0a6d5be8e2962c89d",
                    "Status": "active"
                }
            ],
            "DBParameterGroups": [
                {
                    "DBParameterGroupName": "default.mysql5.7",
                    "ParameterApplyStatus": "in-sync"
                }
            ],
            "AvailabilityZone": "ap-southeast-1a",
            "DBSubnetGroup": {
                "DBSubnetGroupName": "pwb-magento-mysql-prod",
                "DBSubnetGroupDescription": "Managed by Terraform",
                "VpcId": "vpc-ae64d9c9",
                "SubnetGroupStatus": "Complete",
                "Subnets": [
                    {
                        "SubnetIdentifier": "subnet-14c68373",
                        "SubnetAvailabilityZone": {
                            "Name": "ap-southeast-1b"
                        },
                        "SubnetStatus": "Active"
                    },
                    {
                        "SubnetIdentifier": "subnet-00b7c249",
                        "SubnetAvailabilityZone": {
                            "Name": "ap-southeast-1a"
                        },
                        "SubnetStatus": "Active"
                    }
                ]
            },
            "PreferredMaintenanceWindow": "fri:20:59-fri:21:29",
            "PendingModifiedValues": {},
            "MultiAZ": false,
            "EngineVersion": "5.7.19",
            "AutoMinorVersionUpgrade": true,
            "ReadReplicaDBInstanceIdentifiers": [],
            "LicenseModel": "general-public-license",
            "OptionGroupMemberships": [
                {
                    "OptionGroupName": "default:mysql-5-7",
                    "Status": "in-sync"
                }
            ],
            "PubliclyAccessible": false,
            "StorageType": "gp2",
            "DbInstancePort": 0,
            "StorageEncrypted": false,
            "DbiResourceId": "db-H6DXK25XZQ7TH3MIE2GZXXI3PY",
            "CACertificateIdentifier": "rds-ca-2015",
            "DomainMemberships": [],
            "CopyTagsToSnapshot": false,
            "MonitoringInterval": 0,
            "DBInstanceArn": "arn:aws:rds:ap-southeast-1:841787149052:db:pwb-cdc-prod",
            "IAMDatabaseAuthenticationEnabled": false,
            "PerformanceInsightsEnabled": false
        },
        {
            "DBInstanceIdentifier": "pwb-cdc-sit",
            "DBInstanceClass": "db.t2.medium",
            "Engine": "mysql",
            "DBInstanceStatus": "available",
            "MasterUsername": "maxwell",
            "Endpoint": {
                "Address": "pwb-cdc-sit.ciztbw1tzzwf.ap-southeast-1.rds.amazonaws.com",
                "Port": 3306,
                "HostedZoneId": "Z2G0U3KFCY8NZ5"
            },
            "AllocatedStorage": 10,
            "InstanceCreateTime": "2018-08-21T09:36:49.796Z",
            "PreferredBackupWindow": "15:35-16:05",
            "BackupRetentionPeriod": 0,
            "DBSecurityGroups": [],
            "VpcSecurityGroups": [
                {
                    "VpcSecurityGroupId": "sg-08e62b0561ac70f06",
                    "Status": "active"
                }
            ],
            "DBParameterGroups": [
                {
                    "DBParameterGroupName": "default.mysql5.7",
                    "ParameterApplyStatus": "in-sync"
                }
            ],
            "AvailabilityZone": "ap-southeast-1a",
            "DBSubnetGroup": {
                "DBSubnetGroupName": "pwb-magento-mysql-dev",
                "DBSubnetGroupDescription": "Managed by Terraform",
                "VpcId": "vpc-95bd1ef2",
                "SubnetGroupStatus": "Complete",
                "Subnets": [
                    {
                        "SubnetIdentifier": "subnet-0b9ceb6c",
                        "SubnetAvailabilityZone": {
                            "Name": "ap-southeast-1b"
                        },
                        "SubnetStatus": "Active"
                    },
                    {
                        "SubnetIdentifier": "subnet-824f28cb",
                        "SubnetAvailabilityZone": {
                            "Name": "ap-southeast-1a"
                        },
                        "SubnetStatus": "Active"
                    }
                ]
            },
            "PreferredMaintenanceWindow": "wed:18:16-wed:18:46",
            "PendingModifiedValues": {},
            "MultiAZ": false,
            "EngineVersion": "5.7.19",
            "AutoMinorVersionUpgrade": true,
            "ReadReplicaDBInstanceIdentifiers": [],
            "LicenseModel": "general-public-license",
            "OptionGroupMemberships": [
                {
                    "OptionGroupName": "default:mysql-5-7",
                    "Status": "in-sync"
                }
            ],
            "PubliclyAccessible": false,
            "StorageType": "gp2",
            "DbInstancePort": 0,
            "StorageEncrypted": false,
            "DbiResourceId": "db-V4HG2I7UGXC6VJPGMTA3G6RBNY",
            "CACertificateIdentifier": "rds-ca-2015",
            "DomainMemberships": [],
            "CopyTagsToSnapshot": false,
            "MonitoringInterval": 0,
            "DBInstanceArn": "arn:aws:rds:ap-southeast-1:841787149052:db:pwb-cdc-sit",
            "IAMDatabaseAuthenticationEnabled": false,
            "PerformanceInsightsEnabled": false
        },
        {
            "DBInstanceIdentifier": "pwb-magento",
            "DBInstanceClass": "db.m4.2xlarge",
            "Engine": "mariadb",
            "DBInstanceStatus": "available",
            "MasterUsername": "admin",
            "DBName": "powerbuy",
            "Endpoint": {
                "Address": "pwb-magento.ciztbw1tzzwf.ap-southeast-1.rds.amazonaws.com",
                "Port": 3306,
                "HostedZoneId": "Z2G0U3KFCY8NZ5"
            },
            "AllocatedStorage": 100,
            "InstanceCreateTime": "2017-11-16T04:44:28.696Z",
            "PreferredBackupWindow": "16:37-17:07",
            "BackupRetentionPeriod": 7,
            "DBSecurityGroups": [],
            "VpcSecurityGroups": [
                {
                    "VpcSecurityGroupId": "sg-14329172",
                    "Status": "active"
                }
            ],
            "DBParameterGroups": [
                {
                    "DBParameterGroupName": "pwb-magento",
                    "ParameterApplyStatus": "in-sync"
                }
            ],
            "AvailabilityZone": "ap-southeast-1a",
            "DBSubnetGroup": {
                "DBSubnetGroupName": "centraldbsubnet",
                "DBSubnetGroupDescription": "CentralDBSubnet",
                "VpcId": "vpc-7c91d218",
                "SubnetGroupStatus": "Complete",
                "Subnets": [
                    {
                        "SubnetIdentifier": "subnet-77814c10",
                        "SubnetAvailabilityZone": {
                            "Name": "ap-southeast-1b"
                        },
                        "SubnetStatus": "Active"
                    },
                    {
                        "SubnetIdentifier": "subnet-d0609199",
                        "SubnetAvailabilityZone": {
                            "Name": "ap-southeast-1a"
                        },
                        "SubnetStatus": "Active"
                    }
                ]
            },
            "PreferredMaintenanceWindow": "fri:19:02-fri:19:32",
            "PendingModifiedValues": {},
            "LatestRestorableTime": "2018-09-26T02:00:00Z",
            "MultiAZ": false,
            "EngineVersion": "10.1.23",
            "AutoMinorVersionUpgrade": true,
            "ReadReplicaDBInstanceIdentifiers": [],
            "LicenseModel": "general-public-license",
            "OptionGroupMemberships": [
                {
                    "OptionGroupName": "default:mariadb-10-1",
                    "Status": "in-sync"
                }
            ],
            "PubliclyAccessible": false,
            "StorageType": "gp2",
            "DbInstancePort": 0,
            "StorageEncrypted": true,
            "KmsKeyId": "arn:aws:kms:ap-southeast-1:841787149052:key/e4c7abe1-88bd-42d4-a705-4ff41740fe31",
            "DbiResourceId": "db-YOTBXX6IAW2FHR7KVM3S75KS7Y",
            "CACertificateIdentifier": "rds-ca-2015",
            "DomainMemberships": [],
            "CopyTagsToSnapshot": true,
            "MonitoringInterval": 60,
            "EnhancedMonitoringResourceArn": "arn:aws:logs:ap-southeast-1:841787149052:log-group:RDSOSMetrics:log-stream:db-YOTBXX6IAW2FHR7KVM3S75KS7Y",
            "MonitoringRoleArn": "arn:aws:iam::841787149052:role/rds-monitoring-role",
            "DBInstanceArn": "arn:aws:rds:ap-southeast-1:841787149052:db:pwb-magento",
            "IAMDatabaseAuthenticationEnabled": false,
            "PerformanceInsightsEnabled": false
        },
        {
            "DBInstanceIdentifier": "pwb-magento-cdc-dev",
            "DBInstanceClass": "db.t2.medium",
            "Engine": "mysql",
            "DBInstanceStatus": "available",
            "MasterUsername": "maxwell",
            "Endpoint": {
                "Address": "pwb-magento-cdc-dev.ciztbw1tzzwf.ap-southeast-1.rds.amazonaws.com",
                "Port": 3306,
                "HostedZoneId": "Z2G0U3KFCY8NZ5"
            },
            "AllocatedStorage": 10,
            "InstanceCreateTime": "2018-06-27T05:33:40.425Z",
            "PreferredBackupWindow": "14:31-15:01",
            "BackupRetentionPeriod": 0,
            "DBSecurityGroups": [],
            "VpcSecurityGroups": [
                {
                    "VpcSecurityGroupId": "sg-d37781ab",
                    "Status": "active"
                }
            ],
            "DBParameterGroups": [
                {
                    "DBParameterGroupName": "default.mysql5.7",
                    "ParameterApplyStatus": "in-sync"
                }
            ],
            "AvailabilityZone": "ap-southeast-1a",
            "DBSubnetGroup": {
                "DBSubnetGroupName": "pwb-magento-mysql-dev",
                "DBSubnetGroupDescription": "Managed by Terraform",
                "VpcId": "vpc-95bd1ef2",
                "SubnetGroupStatus": "Complete",
                "Subnets": [
                    {
                        "SubnetIdentifier": "subnet-0b9ceb6c",
                        "SubnetAvailabilityZone": {
                            "Name": "ap-southeast-1b"
                        },
                        "SubnetStatus": "Active"
                    },
                    {
                        "SubnetIdentifier": "subnet-824f28cb",
                        "SubnetAvailabilityZone": {
                            "Name": "ap-southeast-1a"
                        },
                        "SubnetStatus": "Active"
                    }
                ]
            },
            "PreferredMaintenanceWindow": "sat:15:38-sat:16:08",
            "PendingModifiedValues": {},
            "MultiAZ": false,
            "EngineVersion": "5.7.19",
            "AutoMinorVersionUpgrade": true,
            "ReadReplicaDBInstanceIdentifiers": [],
            "LicenseModel": "general-public-license",
            "OptionGroupMemberships": [
                {
                    "OptionGroupName": "default:mysql-5-7",
                    "Status": "in-sync"
                }
            ],
            "PubliclyAccessible": false,
            "StorageType": "gp2",
            "DbInstancePort": 0,
            "StorageEncrypted": false,
            "DbiResourceId": "db-EIG5GFZ6O3WFQOLEAZLDEWNQSM",
            "CACertificateIdentifier": "rds-ca-2015",
            "DomainMemberships": [],
            "CopyTagsToSnapshot": false,
            "MonitoringInterval": 0,
            "DBInstanceArn": "arn:aws:rds:ap-southeast-1:841787149052:db:pwb-magento-cdc-dev",
            "IAMDatabaseAuthenticationEnabled": false,
            "PerformanceInsightsEnabled": false
        },
        {
            "DBInstanceIdentifier": "pwb-magento-dev",
            "DBInstanceClass": "db.t2.large",
            "Engine": "mysql",
            "DBInstanceStatus": "available",
            "MasterUsername": "admin",
            "Endpoint": {
                "Address": "pwb-magento-dev.ciztbw1tzzwf.ap-southeast-1.rds.amazonaws.com",
                "Port": 3306,
                "HostedZoneId": "Z2G0U3KFCY8NZ5"
            },
            "AllocatedStorage": 100,
            "InstanceCreateTime": "2018-02-02T14:22:16.062Z",
            "PreferredBackupWindow": "14:22-14:52",
            "BackupRetentionPeriod": 1,
            "DBSecurityGroups": [],
            "VpcSecurityGroups": [
                {
                    "VpcSecurityGroupId": "sg-f119e088",
                    "Status": "active"
                }
            ],
            "DBParameterGroups": [
                {
                    "DBParameterGroupName": "pwb-magento-mysql-dev",
                    "ParameterApplyStatus": "in-sync"
                }
            ],
            "AvailabilityZone": "ap-southeast-1b",
            "DBSubnetGroup": {
                "DBSubnetGroupName": "pwb-magento-mysql-dev",
                "DBSubnetGroupDescription": "Managed by Terraform",
                "VpcId": "vpc-95bd1ef2",
                "SubnetGroupStatus": "Complete",
                "Subnets": [
                    {
                        "SubnetIdentifier": "subnet-0b9ceb6c",
                        "SubnetAvailabilityZone": {
                            "Name": "ap-southeast-1b"
                        },
                        "SubnetStatus": "Active"
                    },
                    {
                        "SubnetIdentifier": "subnet-824f28cb",
                        "SubnetAvailabilityZone": {
                            "Name": "ap-southeast-1a"
                        },
                        "SubnetStatus": "Active"
                    }
                ]
            },
            "PreferredMaintenanceWindow": "mon:00:45-mon:01:15",
            "PendingModifiedValues": {},
            "LatestRestorableTime": "2018-09-26T02:05:00Z",
            "MultiAZ": false,
            "EngineVersion": "5.7.21",
            "AutoMinorVersionUpgrade": true,
            "ReadReplicaDBInstanceIdentifiers": [],
            "LicenseModel": "general-public-license",
            "OptionGroupMemberships": [
                {
                    "OptionGroupName": "default:mysql-5-7",
                    "Status": "in-sync"
                }
            ],
            "PubliclyAccessible": false,
            "StorageType": "gp2",
            "DbInstancePort": 0,
            "StorageEncrypted": false,
            "DbiResourceId": "db-Y5YIBDOXXGLL24Q7F64RV5KSN4",
            "CACertificateIdentifier": "rds-ca-2015",
            "DomainMemberships": [],
            "CopyTagsToSnapshot": true,
            "MonitoringInterval": 0,
            "DBInstanceArn": "arn:aws:rds:ap-southeast-1:841787149052:db:pwb-magento-dev",
            "IAMDatabaseAuthenticationEnabled": false,
            "PerformanceInsightsEnabled": false,
            "EnabledCloudwatchLogsExports": [
                "audit",
                "error",
                "slowquery"
            ]
        },
        {
            "DBInstanceIdentifier": "pwb-magento-prod",
            "DBInstanceClass": "db.r4.4xlarge",
            "Engine": "mysql",
            "DBInstanceStatus": "available",
            "MasterUsername": "admin",
            "Endpoint": {
                "Address": "pwb-magento-prod.ciztbw1tzzwf.ap-southeast-1.rds.amazonaws.com",
                "Port": 3306,
                "HostedZoneId": "Z2G0U3KFCY8NZ5"
            },
            "AllocatedStorage": 300,
            "InstanceCreateTime": "2018-02-26T16:47:54.204Z",
            "PreferredBackupWindow": "20:00-20:30",
            "BackupRetentionPeriod": 14,
            "DBSecurityGroups": [],
            "VpcSecurityGroups": [
                {
                    "VpcSecurityGroupId": "sg-c309acba",
                    "Status": "active"
                }
            ],
            "DBParameterGroups": [
                {
                    "DBParameterGroupName": "pwb-magento-mysql5-7",
                    "ParameterApplyStatus": "in-sync"
                }
            ],
            "AvailabilityZone": "ap-southeast-1b",
            "DBSubnetGroup": {
                "DBSubnetGroupName": "pwb-magento-mysql-prod",
                "DBSubnetGroupDescription": "Managed by Terraform",
                "VpcId": "vpc-ae64d9c9",
                "SubnetGroupStatus": "Complete",
                "Subnets": [
                    {
                        "SubnetIdentifier": "subnet-14c68373",
                        "SubnetAvailabilityZone": {
                            "Name": "ap-southeast-1b"
                        },
                        "SubnetStatus": "Active"
                    },
                    {
                        "SubnetIdentifier": "subnet-00b7c249",
                        "SubnetAvailabilityZone": {
                            "Name": "ap-southeast-1a"
                        },
                        "SubnetStatus": "Active"
                    }
                ]
            },
            "PreferredMaintenanceWindow": "sun:22:00-sun:22:30",
            "PendingModifiedValues": {},
            "LatestRestorableTime": "2018-09-26T02:05:00Z",
            "MultiAZ": false,
            "EngineVersion": "5.7.21",
            "AutoMinorVersionUpgrade": true,
            "ReadReplicaDBInstanceIdentifiers": [
                "pwb-magento-read-replica-prod"
            ],
            "LicenseModel": "general-public-license",
            "Iops": 3000,
            "OptionGroupMemberships": [
                {
                    "OptionGroupName": "default:mysql-5-7",
                    "Status": "in-sync"
                }
            ],
            "PubliclyAccessible": false,
            "StorageType": "io1",
            "DbInstancePort": 0,
            "StorageEncrypted": false,
            "DbiResourceId": "db-Y2HRORR2GRXZE7VGZE4B3LGNDA",
            "CACertificateIdentifier": "rds-ca-2015",
            "DomainMemberships": [],
            "CopyTagsToSnapshot": true,
            "MonitoringInterval": 60,
            "EnhancedMonitoringResourceArn": "arn:aws:logs:ap-southeast-1:841787149052:log-group:RDSOSMetrics:log-stream:db-Y2HRORR2GRXZE7VGZE4B3LGNDA",
            "MonitoringRoleArn": "arn:aws:iam::841787149052:role/rds-monitoring-role",
            "DBInstanceArn": "arn:aws:rds:ap-southeast-1:841787149052:db:pwb-magento-prod",
            "IAMDatabaseAuthenticationEnabled": false,
            "PerformanceInsightsEnabled": false,
            "EnabledCloudwatchLogsExports": [
                "audit",
                "error",
                "slowquery"
            ]
        },
        {
            "DBInstanceIdentifier": "pwb-magento-prod-jd-productsync",
            "DBInstanceClass": "db.m4.large",
            "Engine": "mysql",
            "DBInstanceStatus": "available",
            "MasterUsername": "admin",
            "Endpoint": {
                "Address": "pwb-magento-prod-jd-productsync.ciztbw1tzzwf.ap-southeast-1.rds.amazonaws.com",
                "Port": 3306,
                "HostedZoneId": "Z2G0U3KFCY8NZ5"
            },
            "AllocatedStorage": 300,
            "InstanceCreateTime": "2018-09-14T15:27:13.054Z",
            "PreferredBackupWindow": "20:00-20:30",
            "BackupRetentionPeriod": 1,
            "DBSecurityGroups": [],
            "VpcSecurityGroups": [
                {
                    "VpcSecurityGroupId": "sg-c309acba",
                    "Status": "active"
                }
            ],
            "DBParameterGroups": [
                {
                    "DBParameterGroupName": "pwb-magento-mysql5-7",
                    "ParameterApplyStatus": "in-sync"
                }
            ],
            "AvailabilityZone": "ap-southeast-1a",
            "DBSubnetGroup": {
                "DBSubnetGroupName": "pwb-magento-mysql-prod",
                "DBSubnetGroupDescription": "Managed by Terraform",
                "VpcId": "vpc-ae64d9c9",
                "SubnetGroupStatus": "Complete",
                "Subnets": [
                    {
                        "SubnetIdentifier": "subnet-14c68373",
                        "SubnetAvailabilityZone": {
                            "Name": "ap-southeast-1b"
                        },
                        "SubnetStatus": "Active"
                    },
                    {
                        "SubnetIdentifier": "subnet-00b7c249",
                        "SubnetAvailabilityZone": {
                            "Name": "ap-southeast-1a"
                        },
                        "SubnetStatus": "Active"
                    }
                ]
            },
            "PreferredMaintenanceWindow": "sun:22:00-sun:22:30",
            "PendingModifiedValues": {},
            "LatestRestorableTime": "2018-09-26T02:05:00Z",
            "MultiAZ": false,
            "EngineVersion": "5.7.21",
            "AutoMinorVersionUpgrade": true,
            "ReadReplicaDBInstanceIdentifiers": [],
            "LicenseModel": "general-public-license",
            "OptionGroupMemberships": [
                {
                    "OptionGroupName": "default:mysql-5-7",
                    "Status": "in-sync"
                }
            ],
            "PubliclyAccessible": false,
            "StorageType": "gp2",
            "DbInstancePort": 0,
            "StorageEncrypted": false,
            "DbiResourceId": "db-UPF6TRZUXNA4DADNYEAGAQOFWE",
            "CACertificateIdentifier": "rds-ca-2015",
            "DomainMemberships": [],
            "CopyTagsToSnapshot": true,
            "MonitoringInterval": 0,
            "DBInstanceArn": "arn:aws:rds:ap-southeast-1:841787149052:db:pwb-magento-prod-jd-productsync",
            "IAMDatabaseAuthenticationEnabled": false,
            "PerformanceInsightsEnabled": false
        },
        {
            "DBInstanceIdentifier": "pwb-magento-read-replica-prod",
            "DBInstanceClass": "db.t2.large",
            "Engine": "mysql",
            "DBInstanceStatus": "available",
            "MasterUsername": "admin",
            "Endpoint": {
                "Address": "pwb-magento-read-replica-prod.ciztbw1tzzwf.ap-southeast-1.rds.amazonaws.com",
                "Port": 3306,
                "HostedZoneId": "Z2G0U3KFCY8NZ5"
            },
            "AllocatedStorage": 200,
            "InstanceCreateTime": "2018-03-06T08:05:31.015Z",
            "PreferredBackupWindow": "20:12-20:42",
            "BackupRetentionPeriod": 0,
            "DBSecurityGroups": [],
            "VpcSecurityGroups": [
                {
                    "VpcSecurityGroupId": "sg-b244efcb",
                    "Status": "active"
                }
            ],
            "DBParameterGroups": [
                {
                    "DBParameterGroupName": "pwb-magento-mysql5-7",
                    "ParameterApplyStatus": "in-sync"
                }
            ],
            "AvailabilityZone": "ap-southeast-1a",
            "DBSubnetGroup": {
                "DBSubnetGroupName": "pwb-magento-read-replica-prod",
                "DBSubnetGroupDescription": "PowerBuy Magento Read Replica Production",
                "VpcId": "vpc-ae64d9c9",
                "SubnetGroupStatus": "Complete",
                "Subnets": [
                    {
                        "SubnetIdentifier": "subnet-8ec481e9",
                        "SubnetAvailabilityZone": {
                            "Name": "ap-southeast-1b"
                        },
                        "SubnetStatus": "Active"
                    },
                    {
                        "SubnetIdentifier": "subnet-8cbdc8c5",
                        "SubnetAvailabilityZone": {
                            "Name": "ap-southeast-1a"
                        },
                        "SubnetStatus": "Active"
                    }
                ]
            },
            "PreferredMaintenanceWindow": "sun:22:00-sun:22:30",
            "PendingModifiedValues": {},
            "MultiAZ": false,
            "EngineVersion": "5.7.21",
            "AutoMinorVersionUpgrade": true,
            "ReadReplicaSourceDBInstanceIdentifier": "pwb-magento-prod",
            "ReadReplicaDBInstanceIdentifiers": [],
            "LicenseModel": "general-public-license",
            "Iops": 1000,
            "OptionGroupMemberships": [
                {
                    "OptionGroupName": "default:mysql-5-7",
                    "Status": "in-sync"
                }
            ],
            "PubliclyAccessible": true,
            "StatusInfos": [
                {
                    "StatusType": "read replication",
                    "Normal": true,
                    "Status": "replicating"
                }
            ],
            "StorageType": "io1",
            "DbInstancePort": 0,
            "StorageEncrypted": true,
            "KmsKeyId": "arn:aws:kms:ap-southeast-1:841787149052:key/e4c7abe1-88bd-42d4-a705-4ff41740fe31",
            "DbiResourceId": "db-5AI3FPGQVNBWMSKAZ4JGJQMRFA",
            "CACertificateIdentifier": "rds-ca-2015",
            "DomainMemberships": [],
            "CopyTagsToSnapshot": false,
            "MonitoringInterval": 0,
            "DBInstanceArn": "arn:aws:rds:ap-southeast-1:841787149052:db:pwb-magento-read-replica-prod",
            "IAMDatabaseAuthenticationEnabled": false,
            "PerformanceInsightsEnabled": false,
            "EnabledCloudwatchLogsExports": [
                "audit",
                "error",
                "slowquery"
            ]
        },
        {
            "DBInstanceIdentifier": "pwb-magento-staging",
            "DBInstanceClass": "db.t2.2xlarge",
            "Engine": "mysql",
            "DBInstanceStatus": "available",
            "MasterUsername": "admin",
            "Endpoint": {
                "Address": "pwb-magento-staging.ciztbw1tzzwf.ap-southeast-1.rds.amazonaws.com",
                "Port": 3306,
                "HostedZoneId": "Z2G0U3KFCY8NZ5"
            },
            "AllocatedStorage": 50,
            "InstanceCreateTime": "2018-02-12T12:58:13.150Z",
            "PreferredBackupWindow": "17:11-17:41",
            "BackupRetentionPeriod": 0,
            "DBSecurityGroups": [],
            "VpcSecurityGroups": [
                {
                    "VpcSecurityGroupId": "sg-dab17ca3",
                    "Status": "active"
                }
            ],
            "DBParameterGroups": [
                {
                    "DBParameterGroupName": "pwb-magento-mysql5-7",
                    "ParameterApplyStatus": "in-sync"
                }
            ],
            "AvailabilityZone": "ap-southeast-1b",
            "DBSubnetGroup": {
                "DBSubnetGroupName": "pwb-magento-mysql-staging",
                "DBSubnetGroupDescription": "Managed by Terraform",
                "VpcId": "vpc-0215bd65",
                "SubnetGroupStatus": "Complete",
                "Subnets": [
                    {
                        "SubnetIdentifier": "subnet-2e354949",
                        "SubnetAvailabilityZone": {
                            "Name": "ap-southeast-1b"
                        },
                        "SubnetStatus": "Active"
                    },
                    {
                        "SubnetIdentifier": "subnet-9df29fd4",
                        "SubnetAvailabilityZone": {
                            "Name": "ap-southeast-1a"
                        },
                        "SubnetStatus": "Active"
                    }
                ]
            },
            "PreferredMaintenanceWindow": "mon:00:45-mon:01:15",
            "PendingModifiedValues": {},
            "MultiAZ": false,
            "EngineVersion": "5.7.19",
            "AutoMinorVersionUpgrade": true,
            "ReadReplicaDBInstanceIdentifiers": [],
            "LicenseModel": "general-public-license",
            "OptionGroupMemberships": [
                {
                    "OptionGroupName": "default:mysql-5-7",
                    "Status": "in-sync"
                }
            ],
            "PubliclyAccessible": false,
            "StorageType": "gp2",
            "DbInstancePort": 0,
            "StorageEncrypted": false,
            "DbiResourceId": "db-LRLVDSR7T3CVSWFHOCSBSCB65Q",
            "CACertificateIdentifier": "rds-ca-2015",
            "DomainMemberships": [],
            "CopyTagsToSnapshot": false,
            "MonitoringInterval": 0,
            "DBInstanceArn": "arn:aws:rds:ap-southeast-1:841787149052:db:pwb-magento-staging",
            "IAMDatabaseAuthenticationEnabled": false,
            "PerformanceInsightsEnabled": false
        },
        {
            "DBInstanceIdentifier": "pwb-magento-uat",
            "DBInstanceClass": "db.r4.large",
            "Engine": "mysql",
            "DBInstanceStatus": "available",
            "MasterUsername": "admin",
            "Endpoint": {
                "Address": "pwb-magento-uat.ciztbw1tzzwf.ap-southeast-1.rds.amazonaws.com",
                "Port": 3306,
                "HostedZoneId": "Z2G0U3KFCY8NZ5"
            },
            "AllocatedStorage": 300,
            "InstanceCreateTime": "2018-07-05T10:08:35.342Z",
            "PreferredBackupWindow": "20:12-20:42",
            "BackupRetentionPeriod": 1,
            "DBSecurityGroups": [],
            "VpcSecurityGroups": [
                {
                    "VpcSecurityGroupId": "sg-26c1345e",
                    "Status": "active"
                }
            ],
            "DBParameterGroups": [
                {
                    "DBParameterGroupName": "pwb-magento-mysql5-7",
                    "ParameterApplyStatus": "in-sync"
                }
            ],
            "AvailabilityZone": "ap-southeast-1b",
            "DBSubnetGroup": {
                "DBSubnetGroupName": "pwb-magento-mysql-uat",
                "DBSubnetGroupDescription": "Managed by Terraform",
                "VpcId": "vpc-679dd200",
                "SubnetGroupStatus": "Complete",
                "Subnets": [
                    {
                        "SubnetIdentifier": "subnet-8affc6ed",
                        "SubnetAvailabilityZone": {
                            "Name": "ap-southeast-1b"
                        },
                        "SubnetStatus": "Active"
                    },
                    {
                        "SubnetIdentifier": "subnet-4e9cb207",
                        "SubnetAvailabilityZone": {
                            "Name": "ap-southeast-1a"
                        },
                        "SubnetStatus": "Active"
                    }
                ]
            },
            "PreferredMaintenanceWindow": "mon:00:45-mon:01:15",
            "PendingModifiedValues": {},
            "LatestRestorableTime": "2018-09-26T02:00:00Z",
            "MultiAZ": false,
            "EngineVersion": "5.7.19",
            "AutoMinorVersionUpgrade": true,
            "ReadReplicaDBInstanceIdentifiers": [],
            "LicenseModel": "general-public-license",
            "OptionGroupMemberships": [
                {
                    "OptionGroupName": "default:mysql-5-7",
                    "Status": "in-sync"
                }
            ],
            "PubliclyAccessible": false,
            "StorageType": "gp2",
            "DbInstancePort": 0,
            "StorageEncrypted": false,
            "DbiResourceId": "db-5XO3BL2JMZPPGXQYNIJVU2ZCO4",
            "CACertificateIdentifier": "rds-ca-2015",
            "DomainMemberships": [],
            "CopyTagsToSnapshot": true,
            "MonitoringInterval": 0,
            "DBInstanceArn": "arn:aws:rds:ap-southeast-1:841787149052:db:pwb-magento-uat",
            "IAMDatabaseAuthenticationEnabled": false,
            "PerformanceInsightsEnabled": false,
            "EnabledCloudwatchLogsExports": [
                "audit",
                "error",
                "slowquery"
            ]
        },
        {
            "DBInstanceIdentifier": "pwbonline",
            "DBInstanceClass": "db.m4.large",
            "Engine": "sqlserver-se",
            "DBInstanceStatus": "available",
            "MasterUsername": "cto",
            "Endpoint": {
                "Address": "pwbonline.ciztbw1tzzwf.ap-southeast-1.rds.amazonaws.com",
                "Port": 1433,
                "HostedZoneId": "Z2G0U3KFCY8NZ5"
            },
            "AllocatedStorage": 200,
            "InstanceCreateTime": "2017-09-10T04:12:32.704Z",
            "PreferredBackupWindow": "15:26-15:56",
            "BackupRetentionPeriod": 7,
            "DBSecurityGroups": [],
            "VpcSecurityGroups": [
                {
                    "VpcSecurityGroupId": "sg-16591271",
                    "Status": "active"
                }
            ],
            "DBParameterGroups": [
                {
                    "DBParameterGroupName": "default.sqlserver-se-13.0",
                    "ParameterApplyStatus": "in-sync"
                }
            ],
            "AvailabilityZone": "ap-southeast-1a",
            "DBSubnetGroup": {
                "DBSubnetGroupName": "powerbuy-db-subnetgroup",
                "DBSubnetGroupDescription": "powerbuy database zone",
                "VpcId": "vpc-1d05a279",
                "SubnetGroupStatus": "Complete",
                "Subnets": [
                    {
                        "SubnetIdentifier": "subnet-7a8cd00c",
                        "SubnetAvailabilityZone": {
                            "Name": "ap-southeast-1a"
                        },
                        "SubnetStatus": "Active"
                    },
                    {
                        "SubnetIdentifier": "subnet-73c1ea17",
                        "SubnetAvailabilityZone": {
                            "Name": "ap-southeast-1b"
                        },
                        "SubnetStatus": "Active"
                    }
                ]
            },
            "PreferredMaintenanceWindow": "thu:18:46-thu:19:16",
            "PendingModifiedValues": {},
            "LatestRestorableTime": "2018-09-26T01:58:01Z",
            "MultiAZ": false,
            "EngineVersion": "13.00.4422.0.v1",
            "AutoMinorVersionUpgrade": false,
            "ReadReplicaDBInstanceIdentifiers": [],
            "LicenseModel": "license-included",
            "OptionGroupMemberships": [
                {
                    "OptionGroupName": "default:sqlserver-se-13-00",
                    "Status": "in-sync"
                }
            ],
            "PubliclyAccessible": true,
            "StorageType": "gp2",
            "DbInstancePort": 0,
            "StorageEncrypted": true,
            "KmsKeyId": "arn:aws:kms:ap-southeast-1:841787149052:key/e4c7abe1-88bd-42d4-a705-4ff41740fe31",
            "DbiResourceId": "db-2ATCH33DGUFHTPN4YNZ67ZTQU4",
            "CACertificateIdentifier": "rds-ca-2015",
            "DomainMemberships": [],
            "CopyTagsToSnapshot": false,
            "MonitoringInterval": 0,
            "DBInstanceArn": "arn:aws:rds:ap-southeast-1:841787149052:db:pwbonline",
            "Timezone": "SE Asia Standard Time",
            "IAMDatabaseAuthenticationEnabled": false,
            "PerformanceInsightsEnabled": false
        },
        {
            "DBInstanceIdentifier": "sentry",
            "DBInstanceClass": "db.t2.medium",
            "Engine": "postgres",
            "DBInstanceStatus": "available",
            "MasterUsername": "sentry",
            "Endpoint": {
                "Address": "sentry.ciztbw1tzzwf.ap-southeast-1.rds.amazonaws.com",
                "Port": 5432,
                "HostedZoneId": "Z2G0U3KFCY8NZ5"
            },
            "AllocatedStorage": 100,
            "InstanceCreateTime": "2018-01-11T15:52:05.320Z",
            "PreferredBackupWindow": "16:03-16:33",
            "BackupRetentionPeriod": 7,
            "DBSecurityGroups": [],
            "VpcSecurityGroups": [
                {
                    "VpcSecurityGroupId": "sg-4e746628",
                    "Status": "active"
                }
            ],
            "DBParameterGroups": [
                {
                    "DBParameterGroupName": "default.postgres9.5",
                    "ParameterApplyStatus": "in-sync"
                }
            ],
            "AvailabilityZone": "ap-southeast-1a",
            "DBSubnetGroup": {
                "DBSubnetGroupName": "centraldbsubnet",
                "DBSubnetGroupDescription": "CentralDBSubnet",
                "VpcId": "vpc-7c91d218",
                "SubnetGroupStatus": "Complete",
                "Subnets": [
                    {
                        "SubnetIdentifier": "subnet-77814c10",
                        "SubnetAvailabilityZone": {
                            "Name": "ap-southeast-1b"
                        },
                        "SubnetStatus": "Active"
                    },
                    {
                        "SubnetIdentifier": "subnet-d0609199",
                        "SubnetAvailabilityZone": {
                            "Name": "ap-southeast-1a"
                        },
                        "SubnetStatus": "Active"
                    }
                ]
            },
            "PreferredMaintenanceWindow": "tue:20:25-tue:20:55",
            "PendingModifiedValues": {},
            "LatestRestorableTime": "2018-09-26T02:00:40Z",
            "MultiAZ": false,
            "EngineVersion": "9.5.10",
            "AutoMinorVersionUpgrade": true,
            "ReadReplicaDBInstanceIdentifiers": [],
            "LicenseModel": "postgresql-license",
            "OptionGroupMemberships": [
                {
                    "OptionGroupName": "default:postgres-9-5",
                    "Status": "in-sync"
                }
            ],
            "PubliclyAccessible": false,
            "StorageType": "gp2",
            "DbInstancePort": 0,
            "StorageEncrypted": false,
            "DbiResourceId": "db-BA4Z55JSO76KHAXNYYR3YMR6FM",
            "CACertificateIdentifier": "rds-ca-2015",
            "DomainMemberships": [],
            "CopyTagsToSnapshot": true,
            "MonitoringInterval": 0,
            "DBInstanceArn": "arn:aws:rds:ap-southeast-1:841787149052:db:sentry",
            "IAMDatabaseAuthenticationEnabled": false,
            "PerformanceInsightsEnabled": false
        },
        {
            "DBInstanceIdentifier": "t1c",
            "DBInstanceClass": "db.t2.2xlarge",
            "Engine": "postgres",
            "DBInstanceStatus": "available",
            "MasterUsername": "t1c",
            "DBName": "t1c",
            "Endpoint": {
                "Address": "t1c.ciztbw1tzzwf.ap-southeast-1.rds.amazonaws.com",
                "Port": 5432,
                "HostedZoneId": "Z2G0U3KFCY8NZ5"
            },
            "AllocatedStorage": 100,
            "InstanceCreateTime": "2017-07-12T10:48:12.246Z",
            "PreferredBackupWindow": "20:43-21:13",
            "BackupRetentionPeriod": 7,
            "DBSecurityGroups": [],
            "VpcSecurityGroups": [
                {
                    "VpcSecurityGroupId": "sg-a20b88c5",
                    "Status": "active"
                }
            ],
            "DBParameterGroups": [
                {
                    "DBParameterGroupName": "postgress-line",
                    "ParameterApplyStatus": "in-sync"
                }
            ],
            "AvailabilityZone": "ap-southeast-1a",
            "DBSubnetGroup": {
                "DBSubnetGroupName": "db-line",
                "DBSubnetGroupDescription": "db-line",
                "VpcId": "vpc-1d05a279",
                "SubnetGroupStatus": "Complete",
                "Subnets": [
                    {
                        "SubnetIdentifier": "subnet-b69c8bd2",
                        "SubnetAvailabilityZone": {
                            "Name": "ap-southeast-1b"
                        },
                        "SubnetStatus": "Active"
                    },
                    {
                        "SubnetIdentifier": "subnet-3ba29a4d",
                        "SubnetAvailabilityZone": {
                            "Name": "ap-southeast-1a"
                        },
                        "SubnetStatus": "Active"
                    }
                ]
            },
            "PreferredMaintenanceWindow": "sun:14:16-sun:14:46",
            "PendingModifiedValues": {},
            "LatestRestorableTime": "2018-09-26T02:02:22Z",
            "MultiAZ": true,
            "EngineVersion": "9.6.6",
            "AutoMinorVersionUpgrade": true,
            "ReadReplicaDBInstanceIdentifiers": [],
            "LicenseModel": "postgresql-license",
            "OptionGroupMemberships": [
                {
                    "OptionGroupName": "default:postgres-9-6",
                    "Status": "in-sync"
                }
            ],
            "SecondaryAvailabilityZone": "ap-southeast-1b",
            "PubliclyAccessible": true,
            "StorageType": "gp2",
            "DbInstancePort": 0,
            "StorageEncrypted": false,
            "DbiResourceId": "db-DDS6JVHLYHKY4W2SLGFAI4RIJI",
            "CACertificateIdentifier": "rds-ca-2015",
            "DomainMemberships": [],
            "CopyTagsToSnapshot": true,
            "MonitoringInterval": 60,
            "EnhancedMonitoringResourceArn": "arn:aws:logs:ap-southeast-1:841787149052:log-group:RDSOSMetrics:log-stream:db-DDS6JVHLYHKY4W2SLGFAI4RIJI",
            "MonitoringRoleArn": "arn:aws:iam::841787149052:role/rds-monitoring-role",
            "DBInstanceArn": "arn:aws:rds:ap-southeast-1:841787149052:db:t1c",
            "IAMDatabaseAuthenticationEnabled": false,
            "PerformanceInsightsEnabled": false
        },
        {
            "DBInstanceIdentifier": "t1cuat",
            "DBInstanceClass": "db.t2.micro",
            "Engine": "postgres",
            "DBInstanceStatus": "available",
            "MasterUsername": "t1cuat",
            "DBName": "t1cuat",
            "Endpoint": {
                "Address": "t1cuat.ciztbw1tzzwf.ap-southeast-1.rds.amazonaws.com",
                "Port": 5432,
                "HostedZoneId": "Z2G0U3KFCY8NZ5"
            },
            "AllocatedStorage": 10,
            "InstanceCreateTime": "2017-07-26T06:43:39.578Z",
            "PreferredBackupWindow": "14:27-14:57",
            "BackupRetentionPeriod": 7,
            "DBSecurityGroups": [],
            "VpcSecurityGroups": [
                {
                    "VpcSecurityGroupId": "sg-a20b88c5",
                    "Status": "active"
                }
            ],
            "DBParameterGroups": [
                {
                    "DBParameterGroupName": "default.postgres9.6",
                    "ParameterApplyStatus": "in-sync"
                }
            ],
            "AvailabilityZone": "ap-southeast-1a",
            "DBSubnetGroup": {
                "DBSubnetGroupName": "db-line",
                "DBSubnetGroupDescription": "db-line",
                "VpcId": "vpc-1d05a279",
                "SubnetGroupStatus": "Complete",
                "Subnets": [
                    {
                        "SubnetIdentifier": "subnet-b69c8bd2",
                        "SubnetAvailabilityZone": {
                            "Name": "ap-southeast-1b"
                        },
                        "SubnetStatus": "Active"
                    },
                    {
                        "SubnetIdentifier": "subnet-3ba29a4d",
                        "SubnetAvailabilityZone": {
                            "Name": "ap-southeast-1a"
                        },
                        "SubnetStatus": "Active"
                    }
                ]
            },
            "PreferredMaintenanceWindow": "sun:18:51-sun:19:21",
            "PendingModifiedValues": {},
            "LatestRestorableTime": "2018-09-26T02:04:36Z",
            "MultiAZ": false,
            "EngineVersion": "9.6.6",
            "AutoMinorVersionUpgrade": true,
            "ReadReplicaDBInstanceIdentifiers": [],
            "LicenseModel": "postgresql-license",
            "OptionGroupMemberships": [
                {
                    "OptionGroupName": "default:postgres-9-6",
                    "Status": "in-sync"
                }
            ],
            "PubliclyAccessible": true,
            "StorageType": "gp2",
            "DbInstancePort": 0,
            "StorageEncrypted": false,
            "DbiResourceId": "db-SLEH5UST7YMXGBZ43BDJOVK5QQ",
            "CACertificateIdentifier": "rds-ca-2015",
            "DomainMemberships": [],
            "CopyTagsToSnapshot": true,
            "MonitoringInterval": 0,
            "DBInstanceArn": "arn:aws:rds:ap-southeast-1:841787149052:db:t1cuat",
            "IAMDatabaseAuthenticationEnabled": false,
            "PerformanceInsightsEnabled": false
        },
        {
            "DBInstanceIdentifier": "tops-magento-dev",
            "DBInstanceClass": "db.t2.xlarge",
            "Engine": "mysql",
            "DBInstanceStatus": "available",
            "MasterUsername": "admin",
            "Endpoint": {
                "Address": "tops-magento-dev.ciztbw1tzzwf.ap-southeast-1.rds.amazonaws.com",
                "Port": 3306,
                "HostedZoneId": "Z2G0U3KFCY8NZ5"
            },
            "AllocatedStorage": 50,
            "InstanceCreateTime": "2018-03-12T09:07:37.364Z",
            "PreferredBackupWindow": "20:43-21:13",
            "BackupRetentionPeriod": 0,
            "DBSecurityGroups": [],
            "VpcSecurityGroups": [
                {
                    "VpcSecurityGroupId": "sg-57fe482e",
                    "Status": "active"
                }
            ],
            "DBParameterGroups": [
                {
                    "DBParameterGroupName": "default.mysql5.7",
                    "ParameterApplyStatus": "in-sync"
                }
            ],
            "AvailabilityZone": "ap-southeast-1a",
            "DBSubnetGroup": {
                "DBSubnetGroupName": "tops-magento-mysql-dev",
                "DBSubnetGroupDescription": "Managed by Terraform",
                "VpcId": "vpc-9940c5fe",
                "SubnetGroupStatus": "Complete",
                "Subnets": [
                    {
                        "SubnetIdentifier": "subnet-862350cf",
                        "SubnetAvailabilityZone": {
                            "Name": "ap-southeast-1a"
                        },
                        "SubnetStatus": "Active"
                    },
                    {
                        "SubnetIdentifier": "subnet-d95516be",
                        "SubnetAvailabilityZone": {
                            "Name": "ap-southeast-1b"
                        },
                        "SubnetStatus": "Active"
                    }
                ]
            },
            "PreferredMaintenanceWindow": "mon:00:45-mon:01:15",
            "PendingModifiedValues": {},
            "MultiAZ": false,
            "EngineVersion": "5.7.21",
            "AutoMinorVersionUpgrade": true,
            "ReadReplicaDBInstanceIdentifiers": [],
            "LicenseModel": "general-public-license",
            "OptionGroupMemberships": [
                {
                    "OptionGroupName": "default:mysql-5-7",
                    "Status": "in-sync"
                }
            ],
            "PubliclyAccessible": false,
            "StorageType": "gp2",
            "DbInstancePort": 0,
            "StorageEncrypted": false,
            "DbiResourceId": "db-DXLLP7JPLGAAQMDYGJIQLRSTOM",
            "CACertificateIdentifier": "rds-ca-2015",
            "DomainMemberships": [],
            "CopyTagsToSnapshot": false,
            "MonitoringInterval": 0,
            "DBInstanceArn": "arn:aws:rds:ap-southeast-1:841787149052:db:tops-magento-dev",
            "IAMDatabaseAuthenticationEnabled": false,
            "PerformanceInsightsEnabled": false
        },
        {
            "DBInstanceIdentifier": "tops-magento-staging",
            "DBInstanceClass": "db.t2.xlarge",
            "Engine": "mysql",
            "DBInstanceStatus": "available",
            "MasterUsername": "admin",
            "Endpoint": {
                "Address": "tops-magento-staging.ciztbw1tzzwf.ap-southeast-1.rds.amazonaws.com",
                "Port": 3306,
                "HostedZoneId": "Z2G0U3KFCY8NZ5"
            },
            "AllocatedStorage": 200,
            "InstanceCreateTime": "2018-03-23T10:40:15.192Z",
            "PreferredBackupWindow": "21:21-21:51",
            "BackupRetentionPeriod": 1,
            "DBSecurityGroups": [],
            "VpcSecurityGroups": [
                {
                    "VpcSecurityGroupId": "sg-e965ec90",
                    "Status": "active"
                }
            ],
            "DBParameterGroups": [
                {
                    "DBParameterGroupName": "tops-magento-staging-mysql-57",
                    "ParameterApplyStatus": "in-sync"
                }
            ],
            "AvailabilityZone": "ap-southeast-1a",
            "DBSubnetGroup": {
                "DBSubnetGroupName": "tops-magento-mysql-staging",
                "DBSubnetGroupDescription": "Managed by Terraform",
                "VpcId": "vpc-e05fd187",
                "SubnetGroupStatus": "Complete",
                "Subnets": [
                    {
                        "SubnetIdentifier": "subnet-fd511a9a",
                        "SubnetAvailabilityZone": {
                            "Name": "ap-southeast-1b"
                        },
                        "SubnetStatus": "Active"
                    },
                    {
                        "SubnetIdentifier": "subnet-882b50c1",
                        "SubnetAvailabilityZone": {
                            "Name": "ap-southeast-1a"
                        },
                        "SubnetStatus": "Active"
                    }
                ]
            },
            "PreferredMaintenanceWindow": "mon:00:45-mon:01:15",
            "PendingModifiedValues": {},
            "LatestRestorableTime": "2018-09-26T02:05:00Z",
            "MultiAZ": false,
            "EngineVersion": "5.7.21",
            "AutoMinorVersionUpgrade": true,
            "ReadReplicaDBInstanceIdentifiers": [],
            "LicenseModel": "general-public-license",
            "OptionGroupMemberships": [
                {
                    "OptionGroupName": "default:mysql-5-7",
                    "Status": "in-sync"
                }
            ],
            "PubliclyAccessible": false,
            "StorageType": "gp2",
            "DbInstancePort": 0,
            "StorageEncrypted": false,
            "DbiResourceId": "db-KSTUCQQIN3YD7XQGVABOQLQA7Y",
            "CACertificateIdentifier": "rds-ca-2015",
            "DomainMemberships": [],
            "CopyTagsToSnapshot": true,
            "MonitoringInterval": 0,
            "DBInstanceArn": "arn:aws:rds:ap-southeast-1:841787149052:db:tops-magento-staging",
            "IAMDatabaseAuthenticationEnabled": false,
            "PerformanceInsightsEnabled": false,
            "EnabledCloudwatchLogsExports": [
                "audit",
                "error",
                "general",
                "slowquery"
            ]
        }
    ]
}
