{
    "ReplicationSubnetGroups": [
        {
            "ReplicationSubnetGroupIdentifier": "default-vpc-1d05a279",
            "ReplicationSubnetGroupDescription": "default group created by console for vpc id vpc-1d05a279",
            "VpcId": "vpc-1d05a279",
            "SubnetGroupStatus": "Complete",
            "Subnets": [
                {
                    "SubnetIdentifier": "subnet-6b9dd10f",
                    "SubnetAvailabilityZone": {
                        "Name": "ap-southeast-1b"
                    },
                    "SubnetStatus": "Active"
                },
                {
                    "SubnetIdentifier": "subnet-bf2b5ac9",
                    "SubnetAvailabilityZone": {
                        "Name": "ap-southeast-1a"
                    },
                    "SubnetStatus": "Active"
                },
                {
                    "SubnetIdentifier": "subnet-009bd964",
                    "SubnetAvailabilityZone": {
                        "Name": "ap-southeast-1b"
                    },
                    "SubnetStatus": "Active"
                },
                {
                    "SubnetIdentifier": "subnet-c54e1ca1",
                    "SubnetAvailabilityZone": {
                        "Name": "ap-southeast-1b"
                    },
                    "SubnetStatus": "Active"
                },
                {
                    "SubnetIdentifier": "subnet-7a8cd00c",
                    "SubnetAvailabilityZone": {
                        "Name": "ap-southeast-1a"
                    },
                    "SubnetStatus": "Active"
                },
                {
                    "SubnetIdentifier": "subnet-73c1ea17",
                    "SubnetAvailabilityZone": {
                        "Name": "ap-southeast-1b"
                    },
                    "SubnetStatus": "Active"
                },
                {
                    "SubnetIdentifier": "subnet-66cfbf10",
                    "SubnetAvailabilityZone": {
                        "Name": "ap-southeast-1a"
                    },
                    "SubnetStatus": "Active"
                },
                {
                    "SubnetIdentifier": "subnet-b69c8bd2",
                    "SubnetAvailabilityZone": {
                        "Name": "ap-southeast-1b"
                    },
                    "SubnetStatus": "Active"
                },
                {
                    "SubnetIdentifier": "subnet-3ba29a4d",
                    "SubnetAvailabilityZone": {
                        "Name": "ap-southeast-1a"
                    },
                    "SubnetStatus": "Active"
                },
                {
                    "SubnetIdentifier": "subnet-3c23654a",
                    "SubnetAvailabilityZone": {
                        "Name": "ap-southeast-1a"
                    },
                    "SubnetStatus": "Active"
                }
            ]
        }
    ]
}
