{
    "PolicyTypeDescriptions": [
        {
            "PolicyTypeName": "PublicKeyPolicyType",
            "Description": "Policy containing a list of public keys to accept when authenticating the back-end server(s). This policy cannot be applied directly to back-end servers or listeners but must be part of a BackendServerAuthenticationPolicyType.",
            "PolicyAttributeTypeDescriptions": [
                {
                    "AttributeName": "PublicKey",
                    "AttributeType": "String",
                    "Cardinality": "ONE"
                }
            ]
        },
        {
            "PolicyTypeName": "AppCookieStickinessPolicyType",
            "Description": "Stickiness policy with session lifetimes controlled by the lifetime of the application-generated cookie. This policy can be associated only with HTTP/HTTPS listeners.",
            "PolicyAttributeTypeDescriptions": [
                {
                    "AttributeName": "CookieName",
                    "AttributeType": "String",
                    "Cardinality": "ONE"
                }
            ]
        },
        {
            "PolicyTypeName": "LBCookieStickinessPolicyType",
            "Description": "Stickiness policy with session lifetimes controlled by the browser (user-agent) or a specified expiration period. This policy can be associated only with HTTP/HTTPS listeners.",
            "PolicyAttributeTypeDescriptions": [
                {
                    "AttributeName": "CookieExpirationPeriod",
                    "AttributeType": "Long",
                    "Cardinality": "ZERO_OR_ONE"
                }
            ]
        },
        {
            "PolicyTypeName": "SSLNegotiationPolicyType",
            "Description": "Listener policy that defines the ciphers and protocols that will be accepted by the load balancer. This policy can be associated only with HTTPS/SSL listeners.",
            "PolicyAttributeTypeDescriptions": [
                {
                    "AttributeName": "Protocol-TLSv1",
                    "AttributeType": "Boolean",
                    "DefaultValue": "false",
                    "Cardinality": "ZERO_OR_ONE"
                },
                {
                    "AttributeName": "Protocol-SSLv3",
                    "AttributeType": "Boolean",
                    "DefaultValue": "false",
                    "Cardinality": "ZERO_OR_ONE"
                },
                {
                    "AttributeName": "Protocol-TLSv1.1",
                    "AttributeType": "Boolean",
                    "Description": "A description for Protocol-TLSv1.1",
                    "DefaultValue": "false",
                    "Cardinality": "ZERO_OR_ONE"
                },
                {
                    "AttributeName": "Protocol-TLSv1.2",
                    "AttributeType": "Boolean",
                    "Description": "A description for Protocol-TLSv1.2",
                    "DefaultValue": "false",
                    "Cardinality": "ZERO_OR_ONE"
                },
                {
                    "AttributeName": "Reference-Security-Policy",
                    "AttributeType": "String",
                    "Description": "The value of this attribute is the name of our sample policy (referring to our sample policy)",
                    "Cardinality": "ZERO_OR_ONE"
                },
                {
                    "AttributeName": "Server-Defined-Cipher-Order",
                    "AttributeType": "Boolean",
                    "Description": "The value true means the policy will follow the cipher order",
                    "DefaultValue": "false",
                    "Cardinality": "ZERO_OR_ONE"
                },
                {
                    "AttributeName": "ECDHE-ECDSA-AES128-GCM-SHA256",
                    "AttributeType": "Boolean",
                    "Description": "A description for ECDHE-ECDSA-AES128-GCM-SHA256",
                    "DefaultValue": "false",
                    "Cardinality": "ZERO_OR_ONE"
                },
                {
                    "AttributeName": "ECDHE-RSA-AES128-GCM-SHA256",
                    "AttributeType": "Boolean",
                    "Description": "A description for ECDHE-RSA-AES128-GCM-SHA256",
                    "DefaultValue": "false",
                    "Cardinality": "ZERO_OR_ONE"
                },
                {
                    "AttributeName": "ECDHE-ECDSA-AES128-SHA256",
                    "AttributeType": "Boolean",
                    "Description": "A description for ECDHE-ECDSA-AES128-SHA256",
                    "DefaultValue": "false",
                    "Cardinality": "ZERO_OR_ONE"
                },
                {
                    "AttributeName": "ECDHE-RSA-AES128-SHA256",
                    "AttributeType": "Boolean",
                    "Description": "A description for ECDHE-RSA-AES128-SHA256",
                    "DefaultValue": "false",
                    "Cardinality": "ZERO_OR_ONE"
                },
                {
                    "AttributeName": "ECDHE-ECDSA-AES128-SHA",
                    "AttributeType": "Boolean",
                    "Description": "A description for ECDHE-ECDSA-AES128-SHA",
                    "DefaultValue": "false",
                    "Cardinality": "ZERO_OR_ONE"
                },
                {
                    "AttributeName": "ECDHE-RSA-AES128-SHA",
                    "AttributeType": "Boolean",
                    "Description": "A description for ECDHE-RSA-AES128-SHA",
                    "DefaultValue": "false",
                    "Cardinality": "ZERO_OR_ONE"
                },
                {
                    "AttributeName": "DHE-RSA-AES128-SHA",
                    "AttributeType": "Boolean",
                    "DefaultValue": "false",
                    "Cardinality": "ZERO_OR_ONE"
                },
                {
                    "AttributeName": "ECDHE-ECDSA-AES256-GCM-SHA384",
                    "AttributeType": "Boolean",
                    "Description": "A description for ECDHE-ECDSA-AES256-GCM-SHA384",
                    "DefaultValue": "false",
                    "Cardinality": "ZERO_OR_ONE"
                },
                {
                    "AttributeName": "ECDHE-RSA-AES256-GCM-SHA384",
                    "AttributeType": "Boolean",
                    "Description": "A description for ECDHE-RSA-AES256-GCM-SHA384",
                    "DefaultValue": "false",
                    "Cardinality": "ZERO_OR_ONE"
                },
                {
                    "AttributeName": "ECDHE-ECDSA-AES256-SHA384",
                    "AttributeType": "Boolean",
                    "Description": "A description for ECDHE-ECDSA-AES256-SHA384",
                    "DefaultValue": "false",
                    "Cardinality": "ZERO_OR_ONE"
                },
                {
                    "AttributeName": "ECDHE-RSA-AES256-SHA384",
                    "AttributeType": "Boolean",
                    "Description": "A description for ECDHE-RSA-AES256-SHA384",
                    "DefaultValue": "false",
                    "Cardinality": "ZERO_OR_ONE"
                },
                {
                    "AttributeName": "ECDHE-RSA-AES256-SHA",
                    "AttributeType": "Boolean",
                    "Description": "A description for ECDHE-RSA-AES256-SHA",
                    "DefaultValue": "false",
                    "Cardinality": "ZERO_OR_ONE"
                },
                {
                    "AttributeName": "ECDHE-ECDSA-AES256-SHA",
                    "AttributeType": "Boolean",
                    "Description": "A description for ECDHE-ECDSA-AES256-SHA",
                    "DefaultValue": "false",
                    "Cardinality": "ZERO_OR_ONE"
                },
                {
                    "AttributeName": "AES128-GCM-SHA256",
                    "AttributeType": "Boolean",
                    "Description": "A description for AES128-GCM-SHA256",
                    "DefaultValue": "false",
                    "Cardinality": "ZERO_OR_ONE"
                },
                {
                    "AttributeName": "AES128-SHA256",
                    "AttributeType": "Boolean",
                    "Description": "A description for AES128-SHA256",
                    "DefaultValue": "false",
                    "Cardinality": "ZERO_OR_ONE"
                },
                {
                    "AttributeName": "AES128-SHA",
                    "AttributeType": "Boolean",
                    "DefaultValue": "false",
                    "Cardinality": "ZERO_OR_ONE"
                },
                {
                    "AttributeName": "AES256-GCM-SHA384",
                    "AttributeType": "Boolean",
                    "Description": "A description for AES256-GCM-SHA384",
                    "DefaultValue": "false",
                    "Cardinality": "ZERO_OR_ONE"
                },
                {
                    "AttributeName": "AES256-SHA256",
                    "AttributeType": "Boolean",
                    "Description": "A description for AES256-SHA256",
                    "DefaultValue": "false",
                    "Cardinality": "ZERO_OR_ONE"
                },
                {
                    "AttributeName": "AES256-SHA",
                    "AttributeType": "Boolean",
                    "DefaultValue": "false",
                    "Cardinality": "ZERO_OR_ONE"
                },
                {
                    "AttributeName": "DHE-DSS-AES128-SHA",
                    "AttributeType": "Boolean",
                    "DefaultValue": "false",
                    "Cardinality": "ZERO_OR_ONE"
                },
                {
                    "AttributeName": "CAMELLIA128-SHA",
                    "AttributeType": "Boolean",
                    "DefaultValue": "false",
                    "Cardinality": "ZERO_OR_ONE"
                },
                {
                    "AttributeName": "EDH-RSA-DES-CBC3-SHA",
                    "AttributeType": "Boolean",
                    "DefaultValue": "false",
                    "Cardinality": "ZERO_OR_ONE"
                },
                {
                    "AttributeName": "DES-CBC3-SHA",
                    "AttributeType": "Boolean",
                    "DefaultValue": "false",
                    "Cardinality": "ZERO_OR_ONE"
                },
                {
                    "AttributeName": "ECDHE-RSA-RC4-SHA",
                    "AttributeType": "Boolean",
                    "Description": "A description for ECDHE-RSA-RC4-SHA",
                    "DefaultValue": "false",
                    "Cardinality": "ZERO_OR_ONE"
                },
                {
                    "AttributeName": "RC4-SHA",
                    "AttributeType": "Boolean",
                    "DefaultValue": "false",
                    "Cardinality": "ZERO_OR_ONE"
                },
                {
                    "AttributeName": "ECDHE-ECDSA-RC4-SHA",
                    "AttributeType": "Boolean",
                    "Description": "A description for ECDHE-ECDSA-RC4-SHA",
                    "DefaultValue": "false",
                    "Cardinality": "ZERO_OR_ONE"
                },
                {
                    "AttributeName": "DHE-DSS-AES256-GCM-SHA384",
                    "AttributeType": "Boolean",
                    "Description": "A description for DHE-DSS-AES256-GCM-SHA384",
                    "DefaultValue": "false",
                    "Cardinality": "ZERO_OR_ONE"
                },
                {
                    "AttributeName": "DHE-RSA-AES256-GCM-SHA384",
                    "AttributeType": "Boolean",
                    "Description": "A description for DHE-RSA-AES256-GCM-SHA384",
                    "DefaultValue": "false",
                    "Cardinality": "ZERO_OR_ONE"
                },
                {
                    "AttributeName": "DHE-RSA-AES256-SHA256",
                    "AttributeType": "Boolean",
                    "Description": "A description for DHE-RSA-AES256-SHA256",
                    "DefaultValue": "false",
                    "Cardinality": "ZERO_OR_ONE"
                },
                {
                    "AttributeName": "DHE-DSS-AES256-SHA256",
                    "AttributeType": "Boolean",
                    "Description": "A description for DHE-DSS-AES256-SHA256",
                    "DefaultValue": "false",
                    "Cardinality": "ZERO_OR_ONE"
                },
                {
                    "AttributeName": "DHE-RSA-AES256-SHA",
                    "AttributeType": "Boolean",
                    "DefaultValue": "false",
                    "Cardinality": "ZERO_OR_ONE"
                },
                {
                    "AttributeName": "DHE-DSS-AES256-SHA",
                    "AttributeType": "Boolean",
                    "DefaultValue": "false",
                    "Cardinality": "ZERO_OR_ONE"
                },
                {
                    "AttributeName": "DHE-RSA-CAMELLIA256-SHA",
                    "AttributeType": "Boolean",
                    "DefaultValue": "false",
                    "Cardinality": "ZERO_OR_ONE"
                },
                {
                    "AttributeName": "DHE-DSS-CAMELLIA256-SHA",
                    "AttributeType": "Boolean",
                    "DefaultValue": "false",
                    "Cardinality": "ZERO_OR_ONE"
                },
                {
                    "AttributeName": "CAMELLIA256-SHA",
                    "AttributeType": "Boolean",
                    "DefaultValue": "false",
                    "Cardinality": "ZERO_OR_ONE"
                },
                {
                    "AttributeName": "EDH-DSS-DES-CBC3-SHA",
                    "AttributeType": "Boolean",
                    "DefaultValue": "false",
                    "Cardinality": "ZERO_OR_ONE"
                },
                {
                    "AttributeName": "DHE-DSS-AES128-GCM-SHA256",
                    "AttributeType": "Boolean",
                    "Description": "A description for DHE-DSS-AES128-GCM-SHA256",
                    "DefaultValue": "false",
                    "Cardinality": "ZERO_OR_ONE"
                },
                {
                    "AttributeName": "DHE-RSA-AES128-GCM-SHA256",
                    "AttributeType": "Boolean",
                    "Description": "A description for DHE-RSA-AES128-GCM-SHA256",
                    "DefaultValue": "false",
                    "Cardinality": "ZERO_OR_ONE"
                },
                {
                    "AttributeName": "DHE-RSA-AES128-SHA256",
                    "AttributeType": "Boolean",
                    "Description": "A description for DHE-RSA-AES128-SHA256",
                    "DefaultValue": "false",
                    "Cardinality": "ZERO_OR_ONE"
                },
                {
                    "AttributeName": "DHE-DSS-AES128-SHA256",
                    "AttributeType": "Boolean",
                    "Description": "A description for DHE-DSS-AES128-SHA256",
                    "DefaultValue": "false",
                    "Cardinality": "ZERO_OR_ONE"
                },
                {
                    "AttributeName": "DHE-RSA-CAMELLIA128-SHA",
                    "AttributeType": "Boolean",
                    "DefaultValue": "false",
                    "Cardinality": "ZERO_OR_ONE"
                },
                {
                    "AttributeName": "DHE-DSS-CAMELLIA128-SHA",
                    "AttributeType": "Boolean",
                    "DefaultValue": "false",
                    "Cardinality": "ZERO_OR_ONE"
                },
                {
                    "AttributeName": "ADH-AES128-GCM-SHA256",
                    "AttributeType": "Boolean",
                    "Description": "A description for ADH-AES128-GCM-SHA256",
                    "DefaultValue": "false",
                    "Cardinality": "ZERO_OR_ONE"
                },
                {
                    "AttributeName": "ADH-AES128-SHA",
                    "AttributeType": "Boolean",
                    "DefaultValue": "false",
                    "Cardinality": "ZERO_OR_ONE"
                },
                {
                    "AttributeName": "ADH-AES128-SHA256",
                    "AttributeType": "Boolean",
                    "Description": "A description for ADH-AES128-SHA256",
                    "DefaultValue": "false",
                    "Cardinality": "ZERO_OR_ONE"
                },
                {
                    "AttributeName": "ADH-AES256-GCM-SHA384",
                    "AttributeType": "Boolean",
                    "Description": "A description for ADH-AES256-GCM-SHA384",
                    "DefaultValue": "false",
                    "Cardinality": "ZERO_OR_ONE"
                },
                {
                    "AttributeName": "ADH-AES256-SHA",
                    "AttributeType": "Boolean",
                    "DefaultValue": "false",
                    "Cardinality": "ZERO_OR_ONE"
                },
                {
                    "AttributeName": "ADH-AES256-SHA256",
                    "AttributeType": "Boolean",
                    "Description": "A description for ADH-AES256-SHA256",
                    "DefaultValue": "false",
                    "Cardinality": "ZERO_OR_ONE"
                },
                {
                    "AttributeName": "ADH-CAMELLIA128-SHA",
                    "AttributeType": "Boolean",
                    "DefaultValue": "false",
                    "Cardinality": "ZERO_OR_ONE"
                },
                {
                    "AttributeName": "ADH-CAMELLIA256-SHA",
                    "AttributeType": "Boolean",
                    "DefaultValue": "false",
                    "Cardinality": "ZERO_OR_ONE"
                },
                {
                    "AttributeName": "ADH-DES-CBC3-SHA",
                    "AttributeType": "Boolean",
                    "DefaultValue": "false",
                    "Cardinality": "ZERO_OR_ONE"
                },
                {
                    "AttributeName": "ADH-DES-CBC-SHA",
                    "AttributeType": "Boolean",
                    "DefaultValue": "false",
                    "Cardinality": "ZERO_OR_ONE"
                },
                {
                    "AttributeName": "ADH-RC4-MD5",
                    "AttributeType": "Boolean",
                    "DefaultValue": "false",
                    "Cardinality": "ZERO_OR_ONE"
                },
                {
                    "AttributeName": "ADH-SEED-SHA",
                    "AttributeType": "Boolean",
                    "DefaultValue": "false",
                    "Cardinality": "ZERO_OR_ONE"
                },
                {
                    "AttributeName": "DES-CBC-SHA",
                    "AttributeType": "Boolean",
                    "DefaultValue": "false",
                    "Cardinality": "ZERO_OR_ONE"
                },
                {
                    "AttributeName": "DHE-DSS-SEED-SHA",
                    "AttributeType": "Boolean",
                    "DefaultValue": "false",
                    "Cardinality": "ZERO_OR_ONE"
                },
                {
                    "AttributeName": "DHE-RSA-SEED-SHA",
                    "AttributeType": "Boolean",
                    "DefaultValue": "false",
                    "Cardinality": "ZERO_OR_ONE"
                },
                {
                    "AttributeName": "EDH-DSS-DES-CBC-SHA",
                    "AttributeType": "Boolean",
                    "DefaultValue": "false",
                    "Cardinality": "ZERO_OR_ONE"
                },
                {
                    "AttributeName": "EDH-RSA-DES-CBC-SHA",
                    "AttributeType": "Boolean",
                    "DefaultValue": "false",
                    "Cardinality": "ZERO_OR_ONE"
                },
                {
                    "AttributeName": "IDEA-CBC-SHA",
                    "AttributeType": "Boolean",
                    "DefaultValue": "false",
                    "Cardinality": "ZERO_OR_ONE"
                },
                {
                    "AttributeName": "RC4-MD5",
                    "AttributeType": "Boolean",
                    "DefaultValue": "false",
                    "Cardinality": "ZERO_OR_ONE"
                },
                {
                    "AttributeName": "SEED-SHA",
                    "AttributeType": "Boolean",
                    "DefaultValue": "false",
                    "Cardinality": "ZERO_OR_ONE"
                },
                {
                    "AttributeName": "DES-CBC3-MD5",
                    "AttributeType": "Boolean",
                    "DefaultValue": "false",
                    "Cardinality": "ZERO_OR_ONE"
                },
                {
                    "AttributeName": "DES-CBC-MD5",
                    "AttributeType": "Boolean",
                    "DefaultValue": "false",
                    "Cardinality": "ZERO_OR_ONE"
                },
                {
                    "AttributeName": "RC2-CBC-MD5",
                    "AttributeType": "Boolean",
                    "DefaultValue": "false",
                    "Cardinality": "ZERO_OR_ONE"
                },
                {
                    "AttributeName": "PSK-AES256-CBC-SHA",
                    "AttributeType": "Boolean",
                    "DefaultValue": "false",
                    "Cardinality": "ZERO_OR_ONE"
                },
                {
                    "AttributeName": "PSK-3DES-EDE-CBC-SHA",
                    "AttributeType": "Boolean",
                    "DefaultValue": "false",
                    "Cardinality": "ZERO_OR_ONE"
                },
                {
                    "AttributeName": "KRB5-DES-CBC3-SHA",
                    "AttributeType": "Boolean",
                    "DefaultValue": "false",
                    "Cardinality": "ZERO_OR_ONE"
                },
                {
                    "AttributeName": "KRB5-DES-CBC3-MD5",
                    "AttributeType": "Boolean",
                    "DefaultValue": "false",
                    "Cardinality": "ZERO_OR_ONE"
                },
                {
                    "AttributeName": "PSK-AES128-CBC-SHA",
                    "AttributeType": "Boolean",
                    "DefaultValue": "false",
                    "Cardinality": "ZERO_OR_ONE"
                },
                {
                    "AttributeName": "PSK-RC4-SHA",
                    "AttributeType": "Boolean",
                    "DefaultValue": "false",
                    "Cardinality": "ZERO_OR_ONE"
                },
                {
                    "AttributeName": "KRB5-RC4-SHA",
                    "AttributeType": "Boolean",
                    "DefaultValue": "false",
                    "Cardinality": "ZERO_OR_ONE"
                },
                {
                    "AttributeName": "KRB5-RC4-MD5",
                    "AttributeType": "Boolean",
                    "DefaultValue": "false",
                    "Cardinality": "ZERO_OR_ONE"
                },
                {
                    "AttributeName": "KRB5-DES-CBC-SHA",
                    "AttributeType": "Boolean",
                    "DefaultValue": "false",
                    "Cardinality": "ZERO_OR_ONE"
                },
                {
                    "AttributeName": "KRB5-DES-CBC-MD5",
                    "AttributeType": "Boolean",
                    "DefaultValue": "false",
                    "Cardinality": "ZERO_OR_ONE"
                },
                {
                    "AttributeName": "EXP-EDH-RSA-DES-CBC-SHA",
                    "AttributeType": "Boolean",
                    "DefaultValue": "false",
                    "Cardinality": "ZERO_OR_ONE"
                },
                {
                    "AttributeName": "EXP-EDH-DSS-DES-CBC-SHA",
                    "AttributeType": "Boolean",
                    "DefaultValue": "false",
                    "Cardinality": "ZERO_OR_ONE"
                },
                {
                    "AttributeName": "EXP-ADH-DES-CBC-SHA",
                    "AttributeType": "Boolean",
                    "DefaultValue": "false",
                    "Cardinality": "ZERO_OR_ONE"
                },
                {
                    "AttributeName": "EXP-DES-CBC-SHA",
                    "AttributeType": "Boolean",
                    "DefaultValue": "false",
                    "Cardinality": "ZERO_OR_ONE"
                },
                {
                    "AttributeName": "EXP-RC2-CBC-MD5",
                    "AttributeType": "Boolean",
                    "DefaultValue": "false",
                    "Cardinality": "ZERO_OR_ONE"
                },
                {
                    "AttributeName": "EXP-KRB5-RC2-CBC-SHA",
                    "AttributeType": "Boolean",
                    "DefaultValue": "false",
                    "Cardinality": "ZERO_OR_ONE"
                },
                {
                    "AttributeName": "EXP-KRB5-DES-CBC-SHA",
                    "AttributeType": "Boolean",
                    "DefaultValue": "false",
                    "Cardinality": "ZERO_OR_ONE"
                },
                {
                    "AttributeName": "EXP-KRB5-RC2-CBC-MD5",
                    "AttributeType": "Boolean",
                    "DefaultValue": "false",
                    "Cardinality": "ZERO_OR_ONE"
                },
                {
                    "AttributeName": "EXP-KRB5-DES-CBC-MD5",
                    "AttributeType": "Boolean",
                    "DefaultValue": "false",
                    "Cardinality": "ZERO_OR_ONE"
                },
                {
                    "AttributeName": "EXP-ADH-RC4-MD5",
                    "AttributeType": "Boolean",
                    "DefaultValue": "false",
                    "Cardinality": "ZERO_OR_ONE"
                },
                {
                    "AttributeName": "EXP-RC4-MD5",
                    "AttributeType": "Boolean",
                    "DefaultValue": "false",
                    "Cardinality": "ZERO_OR_ONE"
                },
                {
                    "AttributeName": "EXP-KRB5-RC4-SHA",
                    "AttributeType": "Boolean",
                    "DefaultValue": "false",
                    "Cardinality": "ZERO_OR_ONE"
                },
                {
                    "AttributeName": "EXP-KRB5-RC4-MD5",
                    "AttributeType": "Boolean",
                    "DefaultValue": "false",
                    "Cardinality": "ZERO_OR_ONE"
                }
            ]
        },
        {
            "PolicyTypeName": "BackendServerAuthenticationPolicyType",
            "Description": "Policy that controls authentication to back-end server(s) and contains one or more policies, such as an instance of a PublicKeyPolicyType. This policy can be associated only with back-end servers that are using HTTPS/SSL.",
            "PolicyAttributeTypeDescriptions": [
                {
                    "AttributeName": "PublicKeyPolicyName",
                    "AttributeType": "PolicyName",
                    "Cardinality": "ONE_OR_MORE"
                }
            ]
        },
        {
            "PolicyTypeName": "ProxyProtocolPolicyType",
            "Description": "Policy that controls whether to include the IP address and port of the originating request for TCP messages. This policy operates on TCP listeners only.",
            "PolicyAttributeTypeDescriptions": [
                {
                    "AttributeName": "ProxyProtocol",
                    "AttributeType": "Boolean",
                    "Cardinality": "ONE"
                }
            ]
        }
    ]
}
