{
    "CacheSubnetGroups": [
        {
            "CacheSubnetGroupName": "cto-cache",
            "CacheSubnetGroupDescription": "cto-cache",
            "VpcId": "vpc-7c91d218",
            "Subnets": [
                {
                    "SubnetIdentifier": "subnet-d0609199",
                    "SubnetAvailabilityZone": {
                        "Name": "ap-southeast-1a"
                    }
                },
                {
                    "SubnetIdentifier": "subnet-77814c10",
                    "SubnetAvailabilityZone": {
                        "Name": "ap-southeast-1b"
                    }
                }
            ]
        },
        {
            "CacheSubnetGroupName": "line-cache",
            "CacheSubnetGroupDescription": " ",
            "VpcId": "vpc-1d05a279",
            "Subnets": [
                {
                    "SubnetIdentifier": "subnet-b69c8bd2",
                    "SubnetAvailabilityZone": {
                        "Name": "ap-southeast-1b"
                    }
                },
                {
                    "SubnetIdentifier": "subnet-3ba29a4d",
                    "SubnetAvailabilityZone": {
                        "Name": "ap-southeast-1a"
                    }
                }
            ]
        },
        {
            "CacheSubnetGroupName": "pwb-magento-dev",
            "CacheSubnetGroupDescription": "Managed by Terraform",
            "VpcId": "vpc-95bd1ef2",
            "Subnets": [
                {
                    "SubnetIdentifier": "subnet-824f28cb",
                    "SubnetAvailabilityZone": {
                        "Name": "ap-southeast-1a"
                    }
                },
                {
                    "SubnetIdentifier": "subnet-0b9ceb6c",
                    "SubnetAvailabilityZone": {
                        "Name": "ap-southeast-1b"
                    }
                }
            ]
        },
        {
            "CacheSubnetGroupName": "pwb-magento-devsit",
            "CacheSubnetGroupDescription": " ",
            "VpcId": "vpc-0883246f",
            "Subnets": [
                {
                    "SubnetIdentifier": "subnet-cb55ce82",
                    "SubnetAvailabilityZone": {
                        "Name": "ap-southeast-1a"
                    }
                },
                {
                    "SubnetIdentifier": "subnet-e1cda686",
                    "SubnetAvailabilityZone": {
                        "Name": "ap-southeast-1b"
                    }
                }
            ]
        },
        {
            "CacheSubnetGroupName": "pwb-magento-prod",
            "CacheSubnetGroupDescription": "Managed by Terraform",
            "VpcId": "vpc-ae64d9c9",
            "Subnets": [
                {
                    "SubnetIdentifier": "subnet-00b7c249",
                    "SubnetAvailabilityZone": {
                        "Name": "ap-southeast-1a"
                    }
                },
                {
                    "SubnetIdentifier": "subnet-14c68373",
                    "SubnetAvailabilityZone": {
                        "Name": "ap-southeast-1b"
                    }
                }
            ]
        },
        {
            "CacheSubnetGroupName": "pwb-magento-staging",
            "CacheSubnetGroupDescription": "Managed by Terraform",
            "VpcId": "vpc-0215bd65",
            "Subnets": [
                {
                    "SubnetIdentifier": "subnet-9df29fd4",
                    "SubnetAvailabilityZone": {
                        "Name": "ap-southeast-1a"
                    }
                },
                {
                    "SubnetIdentifier": "subnet-2e354949",
                    "SubnetAvailabilityZone": {
                        "Name": "ap-southeast-1b"
                    }
                }
            ]
        },
        {
            "CacheSubnetGroupName": "pwb-magento-uat",
            "CacheSubnetGroupDescription": "Managed by Terraform",
            "VpcId": "vpc-679dd200",
            "Subnets": [
                {
                    "SubnetIdentifier": "subnet-4e9cb207",
                    "SubnetAvailabilityZone": {
                        "Name": "ap-southeast-1a"
                    }
                },
                {
                    "SubnetIdentifier": "subnet-8affc6ed",
                    "SubnetAvailabilityZone": {
                        "Name": "ap-southeast-1b"
                    }
                }
            ]
        },
        {
            "CacheSubnetGroupName": "tops-magento-dev",
            "CacheSubnetGroupDescription": "Managed by Terraform",
            "VpcId": "vpc-9940c5fe",
            "Subnets": [
                {
                    "SubnetIdentifier": "subnet-d95516be",
                    "SubnetAvailabilityZone": {
                        "Name": "ap-southeast-1b"
                    }
                },
                {
                    "SubnetIdentifier": "subnet-862350cf",
                    "SubnetAvailabilityZone": {
                        "Name": "ap-southeast-1a"
                    }
                }
            ]
        },
        {
            "CacheSubnetGroupName": "tops-magento-staging",
            "CacheSubnetGroupDescription": "Managed by Terraform",
            "VpcId": "vpc-e05fd187",
            "Subnets": [
                {
                    "SubnetIdentifier": "subnet-882b50c1",
                    "SubnetAvailabilityZone": {
                        "Name": "ap-southeast-1a"
                    }
                },
                {
                    "SubnetIdentifier": "subnet-fd511a9a",
                    "SubnetAvailabilityZone": {
                        "Name": "ap-southeast-1b"
                    }
                }
            ]
        }
    ]
}
